Lead_ID,Business_Name,Category,Area_City,Phone_WhatsApp,Business_Notes,Personalized_Demo_Link,Direct_WhatsApp_Outreach_Link,Outreach_Status,Response,Follow_Up_Date
1,Curators Coffee,Cafe,"Alkapuri, Vadodara",+916359220791,Specialty coffee roasters with high weekend volume,https://reputetap.github.io/?id=curators-coffee,https://wa.me/916359220791?text=Hi%20Curators%20Coffee%20Team%21%20%F0%9F%91%8B%20Quick%2010-second%20message%20from%20Vadodara%3A%0A%0AWe%20are%20manufacturing%20custom%20laser-cut%20acrylic%20NFC%20counter%20standees%20for%20local%20businesses%20in%20Vadodara%20to%20solve%20checkout%20review%20friction.%0A%0ARight%20now%2C%2090%25%2B%20of%20happy%20visitors%20at%20Curators%20Coffee%20walk%20out%20without%20reviewing%20on%20Google%20because%20searching%20and%20typing%20takes%20too%20long.%20With%20this%20standee%20on%20your%20billing%20counter%3A%0A1.%20Customers%20tap%20their%20phone%20%28or%20scan%20QR%29%20and%20our%201-tap%20assistant%20drafts%20a%205-star%20review%20in%202%20seconds.%0A2.%20If%20someone%20had%20an%20issue%2C%20it%20routes%20feedback%20privately%20to%20your%20WhatsApp%20so%20you%20can%20fix%20it%20on%20the%20spot%20before%20a%201-star%20review%20goes%20public.%0A%0AI%20pre-programmed%20a%2010-second%20interactive%20digital%20simulation%20of%20your%20custom%20standee%20here%20so%20you%20can%20test%20it%20on%20your%20phone%3A%0A%F0%9F%91%89%20https%3A%2F%2Freputetap.github.io%2F%3Fid%3Dcurators-coffee%0A%0A%F0%9F%94%A5%20VADODARA%20LAUNCH%20PROMO%3A%20We%20are%20delivering%202%20custom-branded%20standees%20with%20your%20logo%20for%20just%20%E2%82%B9299%20%28Regular%20%E2%82%B92%2C999%29%20for%20our%20first%20100%20partner%20venues%21%0A%0AWould%20you%20like%20us%20to%20drop%20off%20a%20sample%20set%20at%20your%20counter%20this%20week%3F,not available on whatsapp,,
2,Kaffa Coffee Roasters,Cafe,"Alkapuri, Vadodara",+919825336364,Third-wave coffee bar with artisanal brunch crowd,https://reputetap.github.io/?id=kaffa-coffee-roasters,https://wa.me/919825336364?text=Hi%20Kaffa%20Coffee%20Roasters%20Team%21%20%F0%9F%91%8B%20Quick%2010-second%20message%20from%20Vadodara%3A%0A%0AWe%20are%20manufacturing%20custom%20laser-cut%20acrylic%20NFC%20counter%20standees%20for%20local%20businesses%20in%20Vadodara%20to%20solve%20checkout%20review%20friction.%0A%0ARight%20now%2C%2090%25%2B%20of%20happy%20visitors%20at%20Kaffa%20Coffee%20Roasters%20walk%20out%20without%20reviewing%20on%20Google%20because%20searching%20and%20typing%20takes%20too%20long.%20With%20this%20standee%20on%20your%20billing%20counter%3A%0A1.%20Customers%20tap%20their%20phone%20%28or%20scan%20QR%29%20and%20our%201-tap%20assistant%20drafts%20a%205-star%20review%20in%202%20seconds.%0A2.%20If%20someone%20had%20an%20issue%2C%20it%20routes%20feedback%20privately%20to%20your%20WhatsApp%20so%20you%20can%20fix%20it%20on%20the%20spot%20before%20a%201-star%20review%20goes%20public.%0A%0AI%20pre-programmed%20a%2010-second%20interactive%20digital%20simulation%20of%20your%20custom%20standee%20here%20so%20you%20can%20test%20it%20on%20your%20phone%3A%0A%F0%9F%91%89%20https%3A%2F%2Freputetap.github.io%2F%3Fid%3Dkaffa-coffee-roasters%0A%0A%F0%9F%94%A5%20VADODARA%20LAUNCH%20PROMO%3A%20We%20are%20delivering%202%20custom-branded%20standees%20with%20your%20logo%20for%20just%20%E2%82%B9299%20%28Regular%20%E2%82%B92%2C999%29%20for%20our%20first%20100%20partner%20venues%21%0A%0AWould%20you%20like%20us%20to%20drop%20off%20a%20sample%20set%20at%20your%20counter%20this%20week%3F,Pending (Target: 100 Sprints),,
3,The Coffee Next Door,Cafe,"Alkapuri, Vadodara",+919978623256,Cozy work-friendly neighborhood cafe,https://reputetap.github.io/?id=the-coffee-next-door,https://wa.me/919978623256?text=Hi%20The%20Coffee%20Next%20Door%20Team%21%20%F0%9F%91%8B%20Quick%2010-second%20message%20from%20Vadodara%3A%0A%0AWe%20are%20manufacturing%20custom%20laser-cut%20acrylic%20NFC%20counter%20standees%20for%20local%20businesses%20in%20Vadodara%20to%20solve%20checkout%20review%20friction.%0A%0ARight%20now%2C%2090%25%2B%20of%20happy%20visitors%20at%20The%20Coffee%20Next%20Door%20walk%20out%20without%20reviewing%20on%20Google%20because%20searching%20and%20typing%20takes%20too%20long.%20With%20this%20standee%20on%20your%20billing%20counter%3A%0A1.%20Customers%20tap%20their%20phone%20%28or%20scan%20QR%29%20and%20our%201-tap%20assistant%20drafts%20a%205-star%20review%20in%202%20seconds.%0A2.%20If%20someone%20had%20an%20issue%2C%20it%20routes%20feedback%20privately%20to%20your%20WhatsApp%20so%20you%20can%20fix%20it%20on%20the%20spot%20before%20a%201-star%20review%20goes%20public.%0A%0AI%20pre-programmed%20a%2010-second%20interactive%20digital%20simulation%20of%20your%20custom%20standee%20here%20so%20you%20can%20test%20it%20on%20your%20phone%3A%0A%F0%9F%91%89%20https%3A%2F%2Freputetap.github.io%2F%3Fid%3Dthe-coffee-next-door%0A%0A%F0%9F%94%A5%20VADODARA%20LAUNCH%20PROMO%3A%20We%20are%20delivering%202%20custom-branded%20standees%20with%20your%20logo%20for%20just%20%E2%82%B9299%20%28Regular%20%E2%82%B92%2C999%29%20for%20our%20first%20100%20partner%20venues%21%0A%0AWould%20you%20like%20us%20to%20drop%20off%20a%20sample%20set%20at%20your%20counter%20this%20week%3F,Pending (Target: 100 Sprints),,
4,Charmant – The Heritage Café,Cafe,"Alkapuri, Vadodara",+919773050954,Heritage venue with strong tourist footfall,https://reputetap.github.io/?id=charmant-the-heritage-caf,https://wa.me/919773050954?text=Hi%20Charmant%20%E2%80%93%20The%20Heritage%20Caf%C3%A9%20Team%21%20%F0%9F%91%8B%20Quick%2010-second%20message%20from%20Vadodara%3A%0A%0AWe%20are%20manufacturing%20custom%20laser-cut%20acrylic%20NFC%20counter%20standees%20for%20local%20businesses%20in%20Vadodara%20to%20solve%20checkout%20review%20friction.%0A%0ARight%20now%2C%2090%25%2B%20of%20happy%20visitors%20at%20Charmant%20%E2%80%93%20The%20Heritage%20Caf%C3%A9%20walk%20out%20without%20reviewing%20on%20Google%20because%20searching%20and%20typing%20takes%20too%20long.%20With%20this%20standee%20on%20your%20billing%20counter%3A%0A1.%20Customers%20tap%20their%20phone%20%28or%20scan%20QR%29%20and%20our%201-tap%20assistant%20drafts%20a%205-star%20review%20in%202%20seconds.%0A2.%20If%20someone%20had%20an%20issue%2C%20it%20routes%20feedback%20privately%20to%20your%20WhatsApp%20so%20you%20can%20fix%20it%20on%20the%20spot%20before%20a%201-star%20review%20goes%20public.%0A%0AI%20pre-programmed%20a%2010-second%20interactive%20digital%20simulation%20of%20your%20custom%20standee%20here%20so%20you%20can%20test%20it%20on%20your%20phone%3A%0A%F0%9F%91%89%20https%3A%2F%2Freputetap.github.io%2F%3Fid%3Dcharmant-the-heritage-caf%0A%0A%F0%9F%94%A5%20VADODARA%20LAUNCH%20PROMO%3A%20We%20are%20delivering%202%20custom-branded%20standees%20with%20your%20logo%20for%20just%20%E2%82%B9299%20%28Regular%20%E2%82%B92%2C999%29%20for%20our%20first%20100%20partner%20venues%21%0A%0AWould%20you%20like%20us%20to%20drop%20off%20a%20sample%20set%20at%20your%20counter%20this%20week%3F,Pending (Target: 100 Sprints),,
5,Burgundy Cafe,Cafe,"Alkapuri, Vadodara",+916357575811,Boutique hotel cafe with corporate guests,https://reputetap.github.io/?id=burgundy-cafe,https://wa.me/916357575811?text=Hi%20Burgundy%20Cafe%20Team%21%20%F0%9F%91%8B%20Quick%2010-second%20message%20from%20Vadodara%3A%0A%0AWe%20are%20manufacturing%20custom%20laser-cut%20acrylic%20NFC%20counter%20standees%20for%20local%20businesses%20in%20Vadodara%20to%20solve%20checkout%20review%20friction.%0A%0ARight%20now%2C%2090%25%2B%20of%20happy%20visitors%20at%20Burgundy%20Cafe%20walk%20out%20without%20reviewing%20on%20Google%20because%20searching%20and%20typing%20takes%20too%20long.%20With%20this%20standee%20on%20your%20billing%20counter%3A%0A1.%20Customers%20tap%20their%20phone%20%28or%20scan%20QR%29%20and%20our%201-tap%20assistant%20drafts%20a%205-star%20review%20in%202%20seconds.%0A2.%20If%20someone%20had%20an%20issue%2C%20it%20routes%20feedback%20privately%20to%20your%20WhatsApp%20so%20you%20can%20fix%20it%20on%20the%20spot%20before%20a%201-star%20review%20goes%20public.%0A%0AI%20pre-programmed%20a%2010-second%20interactive%20digital%20simulation%20of%20your%20custom%20standee%20here%20so%20you%20can%20test%20it%20on%20your%20phone%3A%0A%F0%9F%91%89%20https%3A%2F%2Freputetap.github.io%2F%3Fid%3Dburgundy-cafe%0A%0A%F0%9F%94%A5%20VADODARA%20LAUNCH%20PROMO%3A%20We%20are%20delivering%202%20custom-branded%20standees%20with%20your%20logo%20for%20just%20%E2%82%B9299%20%28Regular%20%E2%82%B92%2C999%29%20for%20our%20first%20100%20partner%20venues%21%0A%0AWould%20you%20like%20us%20to%20drop%20off%20a%20sample%20set%20at%20your%20counter%20this%20week%3F,Pending (Target: 100 Sprints),,
6,Trinity Cafe,Cafe,"Alkapuri, Vadodara",+919712348900,Youth-focused casual dining hangout,https://reputetap.github.io/?id=trinity-cafe,https://wa.me/919712348900?text=Hi%20Trinity%20Cafe%20Team%21%20%F0%9F%91%8B%20Quick%2010-second%20message%20from%20Vadodara%3A%0A%0AWe%20are%20manufacturing%20custom%20laser-cut%20acrylic%20NFC%20counter%20standees%20for%20local%20businesses%20in%20Vadodara%20to%20solve%20checkout%20review%20friction.%0A%0ARight%20now%2C%2090%25%2B%20of%20happy%20visitors%20at%20Trinity%20Cafe%20walk%20out%20without%20reviewing%20on%20Google%20because%20searching%20and%20typing%20takes%20too%20long.%20With%20this%20standee%20on%20your%20billing%20counter%3A%0A1.%20Customers%20tap%20their%20phone%20%28or%20scan%20QR%29%20and%20our%201-tap%20assistant%20drafts%20a%205-star%20review%20in%202%20seconds.%0A2.%20If%20someone%20had%20an%20issue%2C%20it%20routes%20feedback%20privately%20to%20your%20WhatsApp%20so%20you%20can%20fix%20it%20on%20the%20spot%20before%20a%201-star%20review%20goes%20public.%0A%0AI%20pre-programmed%20a%2010-second%20interactive%20digital%20simulation%20of%20your%20custom%20standee%20here%20so%20you%20can%20test%20it%20on%20your%20phone%3A%0A%F0%9F%91%89%20https%3A%2F%2Freputetap.github.io%2F%3Fid%3Dtrinity-cafe%0A%0A%F0%9F%94%A5%20VADODARA%20LAUNCH%20PROMO%3A%20We%20are%20delivering%202%20custom-branded%20standees%20with%20your%20logo%20for%20just%20%E2%82%B9299%20%28Regular%20%E2%82%B92%2C999%29%20for%20our%20first%20100%20partner%20venues%21%0A%0AWould%20you%20like%20us%20to%20drop%20off%20a%20sample%20set%20at%20your%20counter%20this%20week%3F,Pending (Target: 100 Sprints),,
7,The Dark Roast,Cafe,"Gotri, Vadodara",+919825123451,Night coffee lounge with young professional crowd,https://reputetap.github.io/?id=the-dark-roast,https://wa.me/919825123451?text=Hi%20The%20Dark%20Roast%20Team%21%20%F0%9F%91%8B%20Quick%2010-second%20message%20from%20Vadodara%3A%0A%0AWe%20are%20manufacturing%20custom%20laser-cut%20acrylic%20NFC%20counter%20standees%20for%20local%20businesses%20in%20Vadodara%20to%20solve%20checkout%20review%20friction.%0A%0ARight%20now%2C%2090%25%2B%20of%20happy%20visitors%20at%20The%20Dark%20Roast%20walk%20out%20without%20reviewing%20on%20Google%20because%20searching%20and%20typing%20takes%20too%20long.%20With%20this%20standee%20on%20your%20billing%20counter%3A%0A1.%20Customers%20tap%20their%20phone%20%28or%20scan%20QR%29%20and%20our%201-tap%20assistant%20drafts%20a%205-star%20review%20in%202%20seconds.%0A2.%20If%20someone%20had%20an%20issue%2C%20it%20routes%20feedback%20privately%20to%20your%20WhatsApp%20so%20you%20can%20fix%20it%20on%20the%20spot%20before%20a%201-star%20review%20goes%20public.%0A%0AI%20pre-programmed%20a%2010-second%20interactive%20digital%20simulation%20of%20your%20custom%20standee%20here%20so%20you%20can%20test%20it%20on%20your%20phone%3A%0A%F0%9F%91%89%20https%3A%2F%2Freputetap.github.io%2F%3Fid%3Dthe-dark-roast%0A%0A%F0%9F%94%A5%20VADODARA%20LAUNCH%20PROMO%3A%20We%20are%20delivering%202%20custom-branded%20standees%20with%20your%20logo%20for%20just%20%E2%82%B9299%20%28Regular%20%E2%82%B92%2C999%29%20for%20our%20first%20100%20partner%20venues%21%0A%0AWould%20you%20like%20us%20to%20drop%20off%20a%20sample%20set%20at%20your%20counter%20this%20week%3F,Pending (Target: 100 Sprints),,
8,Brew Artisan Cafe,Cafe,"Vasna, Vadodara",+919825123452,Artisan bakery and specialty espresso bar,https://reputetap.github.io/?id=brew-artisan-cafe,https://wa.me/919825123452?text=Hi%20Brew%20Artisan%20Cafe%20Team%21%20%F0%9F%91%8B%20Quick%2010-second%20message%20from%20Vadodara%3A%0A%0AWe%20are%20manufacturing%20custom%20laser-cut%20acrylic%20NFC%20counter%20standees%20for%20local%20businesses%20in%20Vadodara%20to%20solve%20checkout%20review%20friction.%0A%0ARight%20now%2C%2090%25%2B%20of%20happy%20visitors%20at%20Brew%20Artisan%20Cafe%20walk%20out%20without%20reviewing%20on%20Google%20because%20searching%20and%20typing%20takes%20too%20long.%20With%20this%20standee%20on%20your%20billing%20counter%3A%0A1.%20Customers%20tap%20their%20phone%20%28or%20scan%20QR%29%20and%20our%201-tap%20assistant%20drafts%20a%205-star%20review%20in%202%20seconds.%0A2.%20If%20someone%20had%20an%20issue%2C%20it%20routes%20feedback%20privately%20to%20your%20WhatsApp%20so%20you%20can%20fix%20it%20on%20the%20spot%20before%20a%201-star%20review%20goes%20public.%0A%0AI%20pre-programmed%20a%2010-second%20interactive%20digital%20simulation%20of%20your%20custom%20standee%20here%20so%20you%20can%20test%20it%20on%20your%20phone%3A%0A%F0%9F%91%89%20https%3A%2F%2Freputetap.github.io%2F%3Fid%3Dbrew-artisan-cafe%0A%0A%F0%9F%94%A5%20VADODARA%20LAUNCH%20PROMO%3A%20We%20are%20delivering%202%20custom-branded%20standees%20with%20your%20logo%20for%20just%20%E2%82%B9299%20%28Regular%20%E2%82%B92%2C999%29%20for%20our%20first%20100%20partner%20venues%21%0A%0AWould%20you%20like%20us%20to%20drop%20off%20a%20sample%20set%20at%20your%20counter%20this%20week%3F,Pending (Target: 100 Sprints),,
9,Mocha Vadodara,Cafe,"Alkapuri, Vadodara",+919825123453,Iconic youth & family lounge with high daily footfall,https://reputetap.github.io/?id=mocha-vadodara,https://wa.me/919825123453?text=Hi%20Mocha%20Vadodara%20Team%21%20%F0%9F%91%8B%20Quick%2010-second%20message%20from%20Vadodara%3A%0A%0AWe%20are%20manufacturing%20custom%20laser-cut%20acrylic%20NFC%20counter%20standees%20for%20local%20businesses%20in%20Vadodara%20to%20solve%20checkout%20review%20friction.%0A%0ARight%20now%2C%2090%25%2B%20of%20happy%20visitors%20at%20Mocha%20Vadodara%20walk%20out%20without%20reviewing%20on%20Google%20because%20searching%20and%20typing%20takes%20too%20long.%20With%20this%20standee%20on%20your%20billing%20counter%3A%0A1.%20Customers%20tap%20their%20phone%20%28or%20scan%20QR%29%20and%20our%201-tap%20assistant%20drafts%20a%205-star%20review%20in%202%20seconds.%0A2.%20If%20someone%20had%20an%20issue%2C%20it%20routes%20feedback%20privately%20to%20your%20WhatsApp%20so%20you%20can%20fix%20it%20on%20the%20spot%20before%20a%201-star%20review%20goes%20public.%0A%0AI%20pre-programmed%20a%2010-second%20interactive%20digital%20simulation%20of%20your%20custom%20standee%20here%20so%20you%20can%20test%20it%20on%20your%20phone%3A%0A%F0%9F%91%89%20https%3A%2F%2Freputetap.github.io%2F%3Fid%3Dmocha-vadodara%0A%0A%F0%9F%94%A5%20VADODARA%20LAUNCH%20PROMO%3A%20We%20are%20delivering%202%20custom-branded%20standees%20with%20your%20logo%20for%20just%20%E2%82%B9299%20%28Regular%20%E2%82%B92%2C999%29%20for%20our%20first%20100%20partner%20venues%21%0A%0AWould%20you%20like%20us%20to%20drop%20off%20a%20sample%20set%20at%20your%20counter%20this%20week%3F,Pending (Target: 100 Sprints),,
10,Cafe Fitoor,Cafe,"Fatehgunj, Vadodara",+919825123454,Student-heavy cafe near MSU campus,https://reputetap.github.io/?id=cafe-fitoor,https://wa.me/919825123454?text=Hi%20Cafe%20Fitoor%20Team%21%20%F0%9F%91%8B%20Quick%2010-second%20message%20from%20Vadodara%3A%0A%0AWe%20are%20manufacturing%20custom%20laser-cut%20acrylic%20NFC%20counter%20standees%20for%20local%20businesses%20in%20Vadodara%20to%20solve%20checkout%20review%20friction.%0A%0ARight%20now%2C%2090%25%2B%20of%20happy%20visitors%20at%20Cafe%20Fitoor%20walk%20out%20without%20reviewing%20on%20Google%20because%20searching%20and%20typing%20takes%20too%20long.%20With%20this%20standee%20on%20your%20billing%20counter%3A%0A1.%20Customers%20tap%20their%20phone%20%28or%20scan%20QR%29%20and%20our%201-tap%20assistant%20drafts%20a%205-star%20review%20in%202%20seconds.%0A2.%20If%20someone%20had%20an%20issue%2C%20it%20routes%20feedback%20privately%20to%20your%20WhatsApp%20so%20you%20can%20fix%20it%20on%20the%20spot%20before%20a%201-star%20review%20goes%20public.%0A%0AI%20pre-programmed%20a%2010-second%20interactive%20digital%20simulation%20of%20your%20custom%20standee%20here%20so%20you%20can%20test%20it%20on%20your%20phone%3A%0A%F0%9F%91%89%20https%3A%2F%2Freputetap.github.io%2F%3Fid%3Dcafe-fitoor%0A%0A%F0%9F%94%A5%20VADODARA%20LAUNCH%20PROMO%3A%20We%20are%20delivering%202%20custom-branded%20standees%20with%20your%20logo%20for%20just%20%E2%82%B9299%20%28Regular%20%E2%82%B92%2C999%29%20for%20our%20first%20100%20partner%20venues%21%0A%0AWould%20you%20like%20us%20to%20drop%20off%20a%20sample%20set%20at%20your%20counter%20this%20week%3F,Pending (Target: 100 Sprints),,
11,The Secret Kitchen,Restaurant,"Alkapuri, Vadodara",+919825123455,Fine dining vegetarian restaurant with family diners,https://reputetap.github.io/?id=the-secret-kitchen,https://wa.me/919825123455?text=Hi%20The%20Secret%20Kitchen%20Team%21%20%F0%9F%91%8B%20Quick%2010-second%20message%20from%20Vadodara%3A%0A%0AWe%20are%20manufacturing%20custom%20laser-cut%20acrylic%20NFC%20counter%20standees%20for%20local%20businesses%20in%20Vadodara%20to%20solve%20checkout%20review%20friction.%0A%0ARight%20now%2C%2090%25%2B%20of%20happy%20visitors%20at%20The%20Secret%20Kitchen%20walk%20out%20without%20reviewing%20on%20Google%20because%20searching%20and%20typing%20takes%20too%20long.%20With%20this%20standee%20on%20your%20billing%20counter%3A%0A1.%20Customers%20tap%20their%20phone%20%28or%20scan%20QR%29%20and%20our%201-tap%20assistant%20drafts%20a%205-star%20review%20in%202%20seconds.%0A2.%20If%20someone%20had%20an%20issue%2C%20it%20routes%20feedback%20privately%20to%20your%20WhatsApp%20so%20you%20can%20fix%20it%20on%20the%20spot%20before%20a%201-star%20review%20goes%20public.%0A%0AI%20pre-programmed%20a%2010-second%20interactive%20digital%20simulation%20of%20your%20custom%20standee%20here%20so%20you%20can%20test%20it%20on%20your%20phone%3A%0A%F0%9F%91%89%20https%3A%2F%2Freputetap.github.io%2F%3Fid%3Dthe-secret-kitchen%0A%0A%F0%9F%94%A5%20VADODARA%20LAUNCH%20PROMO%3A%20We%20are%20delivering%202%20custom-branded%20standees%20with%20your%20logo%20for%20just%20%E2%82%B9299%20%28Regular%20%E2%82%B92%2C999%29%20for%20our%20first%20100%20partner%20venues%21%0A%0AWould%20you%20like%20us%20to%20drop%20off%20a%20sample%20set%20at%20your%20counter%20this%20week%3F,Pending (Target: 100 Sprints),,
12,Kai Asia,Restaurant,"Race Course, Vadodara",+919825123456,Pan-Asian dining lounge with experiential plates,https://reputetap.github.io/?id=kai-asia,https://wa.me/919825123456?text=Hi%20Kai%20Asia%20Team%21%20%F0%9F%91%8B%20Quick%2010-second%20message%20from%20Vadodara%3A%0A%0AWe%20are%20manufacturing%20custom%20laser-cut%20acrylic%20NFC%20counter%20standees%20for%20local%20businesses%20in%20Vadodara%20to%20solve%20checkout%20review%20friction.%0A%0ARight%20now%2C%2090%25%2B%20of%20happy%20visitors%20at%20Kai%20Asia%20walk%20out%20without%20reviewing%20on%20Google%20because%20searching%20and%20typing%20takes%20too%20long.%20With%20this%20standee%20on%20your%20billing%20counter%3A%0A1.%20Customers%20tap%20their%20phone%20%28or%20scan%20QR%29%20and%20our%201-tap%20assistant%20drafts%20a%205-star%20review%20in%202%20seconds.%0A2.%20If%20someone%20had%20an%20issue%2C%20it%20routes%20feedback%20privately%20to%20your%20WhatsApp%20so%20you%20can%20fix%20it%20on%20the%20spot%20before%20a%201-star%20review%20goes%20public.%0A%0AI%20pre-programmed%20a%2010-second%20interactive%20digital%20simulation%20of%20your%20custom%20standee%20here%20so%20you%20can%20test%20it%20on%20your%20phone%3A%0A%F0%9F%91%89%20https%3A%2F%2Freputetap.github.io%2F%3Fid%3Dkai-asia%0A%0A%F0%9F%94%A5%20VADODARA%20LAUNCH%20PROMO%3A%20We%20are%20delivering%202%20custom-branded%20standees%20with%20your%20logo%20for%20just%20%E2%82%B9299%20%28Regular%20%E2%82%B92%2C999%29%20for%20our%20first%20100%20partner%20venues%21%0A%0AWould%20you%20like%20us%20to%20drop%20off%20a%20sample%20set%20at%20your%20counter%20this%20week%3F,Pending (Target: 100 Sprints),,
13,Gazebo Garden Restaurant,Restaurant,"Sevasi, Vadodara",+919825123457,Outdoor garden dining with weekend celebration crowds,https://reputetap.github.io/?id=gazebo-garden-restaurant,https://wa.me/919825123457?text=Hi%20Gazebo%20Garden%20Restaurant%20Team%21%20%F0%9F%91%8B%20Quick%2010-second%20message%20from%20Vadodara%3A%0A%0AWe%20are%20manufacturing%20custom%20laser-cut%20acrylic%20NFC%20counter%20standees%20for%20local%20businesses%20in%20Vadodara%20to%20solve%20checkout%20review%20friction.%0A%0ARight%20now%2C%2090%25%2B%20of%20happy%20visitors%20at%20Gazebo%20Garden%20Restaurant%20walk%20out%20without%20reviewing%20on%20Google%20because%20searching%20and%20typing%20takes%20too%20long.%20With%20this%20standee%20on%20your%20billing%20counter%3A%0A1.%20Customers%20tap%20their%20phone%20%28or%20scan%20QR%29%20and%20our%201-tap%20assistant%20drafts%20a%205-star%20review%20in%202%20seconds.%0A2.%20If%20someone%20had%20an%20issue%2C%20it%20routes%20feedback%20privately%20to%20your%20WhatsApp%20so%20you%20can%20fix%20it%20on%20the%20spot%20before%20a%201-star%20review%20goes%20public.%0A%0AI%20pre-programmed%20a%2010-second%20interactive%20digital%20simulation%20of%20your%20custom%20standee%20here%20so%20you%20can%20test%20it%20on%20your%20phone%3A%0A%F0%9F%91%89%20https%3A%2F%2Freputetap.github.io%2F%3Fid%3Dgazebo-garden-restaurant%0A%0A%F0%9F%94%A5%20VADODARA%20LAUNCH%20PROMO%3A%20We%20are%20delivering%202%20custom-branded%20standees%20with%20your%20logo%20for%20just%20%E2%82%B9299%20%28Regular%20%E2%82%B92%2C999%29%20for%20our%20first%20100%20partner%20venues%21%0A%0AWould%20you%20like%20us%20to%20drop%20off%20a%20sample%20set%20at%20your%20counter%20this%20week%3F,Pending (Target: 100 Sprints),,
14,Little Italy,Restaurant,"Alkapuri, Vadodara",+919825123458,Gourmet Italian pizzeria with brand loyalists,https://reputetap.github.io/?id=little-italy,https://wa.me/919825123458?text=Hi%20Little%20Italy%20Team%21%20%F0%9F%91%8B%20Quick%2010-second%20message%20from%20Vadodara%3A%0A%0AWe%20are%20manufacturing%20custom%20laser-cut%20acrylic%20NFC%20counter%20standees%20for%20local%20businesses%20in%20Vadodara%20to%20solve%20checkout%20review%20friction.%0A%0ARight%20now%2C%2090%25%2B%20of%20happy%20visitors%20at%20Little%20Italy%20walk%20out%20without%20reviewing%20on%20Google%20because%20searching%20and%20typing%20takes%20too%20long.%20With%20this%20standee%20on%20your%20billing%20counter%3A%0A1.%20Customers%20tap%20their%20phone%20%28or%20scan%20QR%29%20and%20our%201-tap%20assistant%20drafts%20a%205-star%20review%20in%202%20seconds.%0A2.%20If%20someone%20had%20an%20issue%2C%20it%20routes%20feedback%20privately%20to%20your%20WhatsApp%20so%20you%20can%20fix%20it%20on%20the%20spot%20before%20a%201-star%20review%20goes%20public.%0A%0AI%20pre-programmed%20a%2010-second%20interactive%20digital%20simulation%20of%20your%20custom%20standee%20here%20so%20you%20can%20test%20it%20on%20your%20phone%3A%0A%F0%9F%91%89%20https%3A%2F%2Freputetap.github.io%2F%3Fid%3Dlittle-italy%0A%0A%F0%9F%94%A5%20VADODARA%20LAUNCH%20PROMO%3A%20We%20are%20delivering%202%20custom-branded%20standees%20with%20your%20logo%20for%20just%20%E2%82%B9299%20%28Regular%20%E2%82%B92%2C999%29%20for%20our%20first%20100%20partner%20venues%21%0A%0AWould%20you%20like%20us%20to%20drop%20off%20a%20sample%20set%20at%20your%20counter%20this%20week%3F,Pending (Target: 100 Sprints),,
15,22nd Parallel,Restaurant,"Alkapuri, Vadodara",+919825123459,High-volume traditional South Indian breakfast hub,https://reputetap.github.io/?id=22nd-parallel,https://wa.me/919825123459?text=Hi%2022nd%20Parallel%20Team%21%20%F0%9F%91%8B%20Quick%2010-second%20message%20from%20Vadodara%3A%0A%0AWe%20are%20manufacturing%20custom%20laser-cut%20acrylic%20NFC%20counter%20standees%20for%20local%20businesses%20in%20Vadodara%20to%20solve%20checkout%20review%20friction.%0A%0ARight%20now%2C%2090%25%2B%20of%20happy%20visitors%20at%2022nd%20Parallel%20walk%20out%20without%20reviewing%20on%20Google%20because%20searching%20and%20typing%20takes%20too%20long.%20With%20this%20standee%20on%20your%20billing%20counter%3A%0A1.%20Customers%20tap%20their%20phone%20%28or%20scan%20QR%29%20and%20our%201-tap%20assistant%20drafts%20a%205-star%20review%20in%202%20seconds.%0A2.%20If%20someone%20had%20an%20issue%2C%20it%20routes%20feedback%20privately%20to%20your%20WhatsApp%20so%20you%20can%20fix%20it%20on%20the%20spot%20before%20a%201-star%20review%20goes%20public.%0A%0AI%20pre-programmed%20a%2010-second%20interactive%20digital%20simulation%20of%20your%20custom%20standee%20here%20so%20you%20can%20test%20it%20on%20your%20phone%3A%0A%F0%9F%91%89%20https%3A%2F%2Freputetap.github.io%2F%3Fid%3D22nd-parallel%0A%0A%F0%9F%94%A5%20VADODARA%20LAUNCH%20PROMO%3A%20We%20are%20delivering%202%20custom-branded%20standees%20with%20your%20logo%20for%20just%20%E2%82%B9299%20%28Regular%20%E2%82%B92%2C999%29%20for%20our%20first%20100%20partner%20venues%21%0A%0AWould%20you%20like%20us%20to%20drop%20off%20a%20sample%20set%20at%20your%20counter%20this%20week%3F,Pending (Target: 100 Sprints),,
16,Salsa Kitchen,Restaurant,"Gotri Rd, Vadodara",+919825123460,Multi-cuisine family dining destination,https://reputetap.github.io/?id=salsa-kitchen,https://wa.me/919825123460?text=Hi%20Salsa%20Kitchen%20Team%21%20%F0%9F%91%8B%20Quick%2010-second%20message%20from%20Vadodara%3A%0A%0AWe%20are%20manufacturing%20custom%20laser-cut%20acrylic%20NFC%20counter%20standees%20for%20local%20businesses%20in%20Vadodara%20to%20solve%20checkout%20review%20friction.%0A%0ARight%20now%2C%2090%25%2B%20of%20happy%20visitors%20at%20Salsa%20Kitchen%20walk%20out%20without%20reviewing%20on%20Google%20because%20searching%20and%20typing%20takes%20too%20long.%20With%20this%20standee%20on%20your%20billing%20counter%3A%0A1.%20Customers%20tap%20their%20phone%20%28or%20scan%20QR%29%20and%20our%201-tap%20assistant%20drafts%20a%205-star%20review%20in%202%20seconds.%0A2.%20If%20someone%20had%20an%20issue%2C%20it%20routes%20feedback%20privately%20to%20your%20WhatsApp%20so%20you%20can%20fix%20it%20on%20the%20spot%20before%20a%201-star%20review%20goes%20public.%0A%0AI%20pre-programmed%20a%2010-second%20interactive%20digital%20simulation%20of%20your%20custom%20standee%20here%20so%20you%20can%20test%20it%20on%20your%20phone%3A%0A%F0%9F%91%89%20https%3A%2F%2Freputetap.github.io%2F%3Fid%3Dsalsa-kitchen%0A%0A%F0%9F%94%A5%20VADODARA%20LAUNCH%20PROMO%3A%20We%20are%20delivering%202%20custom-branded%20standees%20with%20your%20logo%20for%20just%20%E2%82%B9299%20%28Regular%20%E2%82%B92%2C999%29%20for%20our%20first%20100%20partner%20venues%21%0A%0AWould%20you%20like%20us%20to%20drop%20off%20a%20sample%20set%20at%20your%20counter%20this%20week%3F,Pending (Target: 100 Sprints),,
17,Barbeque Nation,Restaurant,"Alkapuri, Vadodara",+919825123461,High-throughput buffet dining requiring fast review turnaround,https://reputetap.github.io/?id=barbeque-nation,https://wa.me/919825123461?text=Hi%20Barbeque%20Nation%20Team%21%20%F0%9F%91%8B%20Quick%2010-second%20message%20from%20Vadodara%3A%0A%0AWe%20are%20manufacturing%20custom%20laser-cut%20acrylic%20NFC%20counter%20standees%20for%20local%20businesses%20in%20Vadodara%20to%20solve%20checkout%20review%20friction.%0A%0ARight%20now%2C%2090%25%2B%20of%20happy%20visitors%20at%20Barbeque%20Nation%20walk%20out%20without%20reviewing%20on%20Google%20because%20searching%20and%20typing%20takes%20too%20long.%20With%20this%20standee%20on%20your%20billing%20counter%3A%0A1.%20Customers%20tap%20their%20phone%20%28or%20scan%20QR%29%20and%20our%201-tap%20assistant%20drafts%20a%205-star%20review%20in%202%20seconds.%0A2.%20If%20someone%20had%20an%20issue%2C%20it%20routes%20feedback%20privately%20to%20your%20WhatsApp%20so%20you%20can%20fix%20it%20on%20the%20spot%20before%20a%201-star%20review%20goes%20public.%0A%0AI%20pre-programmed%20a%2010-second%20interactive%20digital%20simulation%20of%20your%20custom%20standee%20here%20so%20you%20can%20test%20it%20on%20your%20phone%3A%0A%F0%9F%91%89%20https%3A%2F%2Freputetap.github.io%2F%3Fid%3Dbarbeque-nation%0A%0A%F0%9F%94%A5%20VADODARA%20LAUNCH%20PROMO%3A%20We%20are%20delivering%202%20custom-branded%20standees%20with%20your%20logo%20for%20just%20%E2%82%B9299%20%28Regular%20%E2%82%B92%2C999%29%20for%20our%20first%20100%20partner%20venues%21%0A%0AWould%20you%20like%20us%20to%20drop%20off%20a%20sample%20set%20at%20your%20counter%20this%20week%3F,Pending (Target: 100 Sprints),,
18,That Place,Cafe,"Alkapuri, Vadodara",+919825123462,European bistro with high-ticket weekend dinners,https://reputetap.github.io/?id=that-place,https://wa.me/919825123462?text=Hi%20That%20Place%20Team%21%20%F0%9F%91%8B%20Quick%2010-second%20message%20from%20Vadodara%3A%0A%0AWe%20are%20manufacturing%20custom%20laser-cut%20acrylic%20NFC%20counter%20standees%20for%20local%20businesses%20in%20Vadodara%20to%20solve%20checkout%20review%20friction.%0A%0ARight%20now%2C%2090%25%2B%20of%20happy%20visitors%20at%20That%20Place%20walk%20out%20without%20reviewing%20on%20Google%20because%20searching%20and%20typing%20takes%20too%20long.%20With%20this%20standee%20on%20your%20billing%20counter%3A%0A1.%20Customers%20tap%20their%20phone%20%28or%20scan%20QR%29%20and%20our%201-tap%20assistant%20drafts%20a%205-star%20review%20in%202%20seconds.%0A2.%20If%20someone%20had%20an%20issue%2C%20it%20routes%20feedback%20privately%20to%20your%20WhatsApp%20so%20you%20can%20fix%20it%20on%20the%20spot%20before%20a%201-star%20review%20goes%20public.%0A%0AI%20pre-programmed%20a%2010-second%20interactive%20digital%20simulation%20of%20your%20custom%20standee%20here%20so%20you%20can%20test%20it%20on%20your%20phone%3A%0A%F0%9F%91%89%20https%3A%2F%2Freputetap.github.io%2F%3Fid%3Dthat-place%0A%0A%F0%9F%94%A5%20VADODARA%20LAUNCH%20PROMO%3A%20We%20are%20delivering%202%20custom-branded%20standees%20with%20your%20logo%20for%20just%20%E2%82%B9299%20%28Regular%20%E2%82%B92%2C999%29%20for%20our%20first%20100%20partner%20venues%21%0A%0AWould%20you%20like%20us%20to%20drop%20off%20a%20sample%20set%20at%20your%20counter%20this%20week%3F,Pending (Target: 100 Sprints),,
19,Fresh Roast,Cafe,"Akota, Vadodara",+919825123463,Outdoor garden coffee venue popular for meetings,https://reputetap.github.io/?id=fresh-roast,https://wa.me/919825123463?text=Hi%20Fresh%20Roast%20Team%21%20%F0%9F%91%8B%20Quick%2010-second%20message%20from%20Vadodara%3A%0A%0AWe%20are%20manufacturing%20custom%20laser-cut%20acrylic%20NFC%20counter%20standees%20for%20local%20businesses%20in%20Vadodara%20to%20solve%20checkout%20review%20friction.%0A%0ARight%20now%2C%2090%25%2B%20of%20happy%20visitors%20at%20Fresh%20Roast%20walk%20out%20without%20reviewing%20on%20Google%20because%20searching%20and%20typing%20takes%20too%20long.%20With%20this%20standee%20on%20your%20billing%20counter%3A%0A1.%20Customers%20tap%20their%20phone%20%28or%20scan%20QR%29%20and%20our%201-tap%20assistant%20drafts%20a%205-star%20review%20in%202%20seconds.%0A2.%20If%20someone%20had%20an%20issue%2C%20it%20routes%20feedback%20privately%20to%20your%20WhatsApp%20so%20you%20can%20fix%20it%20on%20the%20spot%20before%20a%201-star%20review%20goes%20public.%0A%0AI%20pre-programmed%20a%2010-second%20interactive%20digital%20simulation%20of%20your%20custom%20standee%20here%20so%20you%20can%20test%20it%20on%20your%20phone%3A%0A%F0%9F%91%89%20https%3A%2F%2Freputetap.github.io%2F%3Fid%3Dfresh-roast%0A%0A%F0%9F%94%A5%20VADODARA%20LAUNCH%20PROMO%3A%20We%20are%20delivering%202%20custom-branded%20standees%20with%20your%20logo%20for%20just%20%E2%82%B9299%20%28Regular%20%E2%82%B92%2C999%29%20for%20our%20first%20100%20partner%20venues%21%0A%0AWould%20you%20like%20us%20to%20drop%20off%20a%20sample%20set%20at%20your%20counter%20this%20week%3F,Pending (Target: 100 Sprints),,
20,Coffee Culture,Cafe,"Manjalpur, Vadodara",+919825123464,Community lounge with heavy evening group visits,https://reputetap.github.io/?id=coffee-culture,https://wa.me/919825123464?text=Hi%20Coffee%20Culture%20Team%21%20%F0%9F%91%8B%20Quick%2010-second%20message%20from%20Vadodara%3A%0A%0AWe%20are%20manufacturing%20custom%20laser-cut%20acrylic%20NFC%20counter%20standees%20for%20local%20businesses%20in%20Vadodara%20to%20solve%20checkout%20review%20friction.%0A%0ARight%20now%2C%2090%25%2B%20of%20happy%20visitors%20at%20Coffee%20Culture%20walk%20out%20without%20reviewing%20on%20Google%20because%20searching%20and%20typing%20takes%20too%20long.%20With%20this%20standee%20on%20your%20billing%20counter%3A%0A1.%20Customers%20tap%20their%20phone%20%28or%20scan%20QR%29%20and%20our%201-tap%20assistant%20drafts%20a%205-star%20review%20in%202%20seconds.%0A2.%20If%20someone%20had%20an%20issue%2C%20it%20routes%20feedback%20privately%20to%20your%20WhatsApp%20so%20you%20can%20fix%20it%20on%20the%20spot%20before%20a%201-star%20review%20goes%20public.%0A%0AI%20pre-programmed%20a%2010-second%20interactive%20digital%20simulation%20of%20your%20custom%20standee%20here%20so%20you%20can%20test%20it%20on%20your%20phone%3A%0A%F0%9F%91%89%20https%3A%2F%2Freputetap.github.io%2F%3Fid%3Dcoffee-culture%0A%0A%F0%9F%94%A5%20VADODARA%20LAUNCH%20PROMO%3A%20We%20are%20delivering%202%20custom-branded%20standees%20with%20your%20logo%20for%20just%20%E2%82%B9299%20%28Regular%20%E2%82%B92%2C999%29%20for%20our%20first%20100%20partner%20venues%21%0A%0AWould%20you%20like%20us%20to%20drop%20off%20a%20sample%20set%20at%20your%20counter%20this%20week%3F,Pending (Target: 100 Sprints),,
21,Chai Sutta Bar,Cafe,"Fatehgunj, Vadodara",+919825123465,Rapid checkout tea counter with walkout rush,https://reputetap.github.io/?id=chai-sutta-bar,https://wa.me/919825123465?text=Hi%20Chai%20Sutta%20Bar%20Team%21%20%F0%9F%91%8B%20Quick%2010-second%20message%20from%20Vadodara%3A%0A%0AWe%20are%20manufacturing%20custom%20laser-cut%20acrylic%20NFC%20counter%20standees%20for%20local%20businesses%20in%20Vadodara%20to%20solve%20checkout%20review%20friction.%0A%0ARight%20now%2C%2090%25%2B%20of%20happy%20visitors%20at%20Chai%20Sutta%20Bar%20walk%20out%20without%20reviewing%20on%20Google%20because%20searching%20and%20typing%20takes%20too%20long.%20With%20this%20standee%20on%20your%20billing%20counter%3A%0A1.%20Customers%20tap%20their%20phone%20%28or%20scan%20QR%29%20and%20our%201-tap%20assistant%20drafts%20a%205-star%20review%20in%202%20seconds.%0A2.%20If%20someone%20had%20an%20issue%2C%20it%20routes%20feedback%20privately%20to%20your%20WhatsApp%20so%20you%20can%20fix%20it%20on%20the%20spot%20before%20a%201-star%20review%20goes%20public.%0A%0AI%20pre-programmed%20a%2010-second%20interactive%20digital%20simulation%20of%20your%20custom%20standee%20here%20so%20you%20can%20test%20it%20on%20your%20phone%3A%0A%F0%9F%91%89%20https%3A%2F%2Freputetap.github.io%2F%3Fid%3Dchai-sutta-bar%0A%0A%F0%9F%94%A5%20VADODARA%20LAUNCH%20PROMO%3A%20We%20are%20delivering%202%20custom-branded%20standees%20with%20your%20logo%20for%20just%20%E2%82%B9299%20%28Regular%20%E2%82%B92%2C999%29%20for%20our%20first%20100%20partner%20venues%21%0A%0AWould%20you%20like%20us%20to%20drop%20off%20a%20sample%20set%20at%20your%20counter%20this%20week%3F,Pending (Target: 100 Sprints),,
22,Keventers Vadodara,Dessert,"Alkapuri, Vadodara",+919825123466,Express counter milkshake outlet,https://reputetap.github.io/?id=keventers-vadodara,https://wa.me/919825123466?text=Hi%20Keventers%20Vadodara%20Team%21%20%F0%9F%91%8B%20Quick%2010-second%20message%20from%20Vadodara%3A%0A%0AWe%20are%20manufacturing%20custom%20laser-cut%20acrylic%20NFC%20counter%20standees%20for%20local%20businesses%20in%20Vadodara%20to%20solve%20checkout%20review%20friction.%0A%0ARight%20now%2C%2090%25%2B%20of%20happy%20visitors%20at%20Keventers%20Vadodara%20walk%20out%20without%20reviewing%20on%20Google%20because%20searching%20and%20typing%20takes%20too%20long.%20With%20this%20standee%20on%20your%20billing%20counter%3A%0A1.%20Customers%20tap%20their%20phone%20%28or%20scan%20QR%29%20and%20our%201-tap%20assistant%20drafts%20a%205-star%20review%20in%202%20seconds.%0A2.%20If%20someone%20had%20an%20issue%2C%20it%20routes%20feedback%20privately%20to%20your%20WhatsApp%20so%20you%20can%20fix%20it%20on%20the%20spot%20before%20a%201-star%20review%20goes%20public.%0A%0AI%20pre-programmed%20a%2010-second%20interactive%20digital%20simulation%20of%20your%20custom%20standee%20here%20so%20you%20can%20test%20it%20on%20your%20phone%3A%0A%F0%9F%91%89%20https%3A%2F%2Freputetap.github.io%2F%3Fid%3Dkeventers-vadodara%0A%0A%F0%9F%94%A5%20VADODARA%20LAUNCH%20PROMO%3A%20We%20are%20delivering%202%20custom-branded%20standees%20with%20your%20logo%20for%20just%20%E2%82%B9299%20%28Regular%20%E2%82%B92%2C999%29%20for%20our%20first%20100%20partner%20venues%21%0A%0AWould%20you%20like%20us%20to%20drop%20off%20a%20sample%20set%20at%20your%20counter%20this%20week%3F,Pending (Target: 100 Sprints),,
23,Crust & Crumbs Patisserie,Bakery,"Gotri, Vadodara",+919825123467,Custom cake and dessert studio,https://reputetap.github.io/?id=crust-and-crumbs-patisserie,https://wa.me/919825123467?text=Hi%20Crust%20%26%20Crumbs%20Patisserie%20Team%21%20%F0%9F%91%8B%20Quick%2010-second%20message%20from%20Vadodara%3A%0A%0AWe%20are%20manufacturing%20custom%20laser-cut%20acrylic%20NFC%20counter%20standees%20for%20local%20businesses%20in%20Vadodara%20to%20solve%20checkout%20review%20friction.%0A%0ARight%20now%2C%2090%25%2B%20of%20happy%20visitors%20at%20Crust%20%26%20Crumbs%20Patisserie%20walk%20out%20without%20reviewing%20on%20Google%20because%20searching%20and%20typing%20takes%20too%20long.%20With%20this%20standee%20on%20your%20billing%20counter%3A%0A1.%20Customers%20tap%20their%20phone%20%28or%20scan%20QR%29%20and%20our%201-tap%20assistant%20drafts%20a%205-star%20review%20in%202%20seconds.%0A2.%20If%20someone%20had%20an%20issue%2C%20it%20routes%20feedback%20privately%20to%20your%20WhatsApp%20so%20you%20can%20fix%20it%20on%20the%20spot%20before%20a%201-star%20review%20goes%20public.%0A%0AI%20pre-programmed%20a%2010-second%20interactive%20digital%20simulation%20of%20your%20custom%20standee%20here%20so%20you%20can%20test%20it%20on%20your%20phone%3A%0A%F0%9F%91%89%20https%3A%2F%2Freputetap.github.io%2F%3Fid%3Dcrust-and-crumbs-patisserie%0A%0A%F0%9F%94%A5%20VADODARA%20LAUNCH%20PROMO%3A%20We%20are%20delivering%202%20custom-branded%20standees%20with%20your%20logo%20for%20just%20%E2%82%B9299%20%28Regular%20%E2%82%B92%2C999%29%20for%20our%20first%20100%20partner%20venues%21%0A%0AWould%20you%20like%20us%20to%20drop%20off%20a%20sample%20set%20at%20your%20counter%20this%20week%3F,Pending (Target: 100 Sprints),,
24,Bake My Day,Bakery,"Akota, Vadodara",+919825123468,Artisanal breads and customized wedding treats,https://reputetap.github.io/?id=bake-my-day,https://wa.me/919825123468?text=Hi%20Bake%20My%20Day%20Team%21%20%F0%9F%91%8B%20Quick%2010-second%20message%20from%20Vadodara%3A%0A%0AWe%20are%20manufacturing%20custom%20laser-cut%20acrylic%20NFC%20counter%20standees%20for%20local%20businesses%20in%20Vadodara%20to%20solve%20checkout%20review%20friction.%0A%0ARight%20now%2C%2090%25%2B%20of%20happy%20visitors%20at%20Bake%20My%20Day%20walk%20out%20without%20reviewing%20on%20Google%20because%20searching%20and%20typing%20takes%20too%20long.%20With%20this%20standee%20on%20your%20billing%20counter%3A%0A1.%20Customers%20tap%20their%20phone%20%28or%20scan%20QR%29%20and%20our%201-tap%20assistant%20drafts%20a%205-star%20review%20in%202%20seconds.%0A2.%20If%20someone%20had%20an%20issue%2C%20it%20routes%20feedback%20privately%20to%20your%20WhatsApp%20so%20you%20can%20fix%20it%20on%20the%20spot%20before%20a%201-star%20review%20goes%20public.%0A%0AI%20pre-programmed%20a%2010-second%20interactive%20digital%20simulation%20of%20your%20custom%20standee%20here%20so%20you%20can%20test%20it%20on%20your%20phone%3A%0A%F0%9F%91%89%20https%3A%2F%2Freputetap.github.io%2F%3Fid%3Dbake-my-day%0A%0A%F0%9F%94%A5%20VADODARA%20LAUNCH%20PROMO%3A%20We%20are%20delivering%202%20custom-branded%20standees%20with%20your%20logo%20for%20just%20%E2%82%B9299%20%28Regular%20%E2%82%B92%2C999%29%20for%20our%20first%20100%20partner%20venues%21%0A%0AWould%20you%20like%20us%20to%20drop%20off%20a%20sample%20set%20at%20your%20counter%20this%20week%3F,Pending (Target: 100 Sprints),,
25,The Chocolate Room,Cafe,"Alkapuri, Vadodara",+919825123469,Dessert parlor popular with couples and youth,https://reputetap.github.io/?id=the-chocolate-room,https://wa.me/919825123469?text=Hi%20The%20Chocolate%20Room%20Team%21%20%F0%9F%91%8B%20Quick%2010-second%20message%20from%20Vadodara%3A%0A%0AWe%20are%20manufacturing%20custom%20laser-cut%20acrylic%20NFC%20counter%20standees%20for%20local%20businesses%20in%20Vadodara%20to%20solve%20checkout%20review%20friction.%0A%0ARight%20now%2C%2090%25%2B%20of%20happy%20visitors%20at%20The%20Chocolate%20Room%20walk%20out%20without%20reviewing%20on%20Google%20because%20searching%20and%20typing%20takes%20too%20long.%20With%20this%20standee%20on%20your%20billing%20counter%3A%0A1.%20Customers%20tap%20their%20phone%20%28or%20scan%20QR%29%20and%20our%201-tap%20assistant%20drafts%20a%205-star%20review%20in%202%20seconds.%0A2.%20If%20someone%20had%20an%20issue%2C%20it%20routes%20feedback%20privately%20to%20your%20WhatsApp%20so%20you%20can%20fix%20it%20on%20the%20spot%20before%20a%201-star%20review%20goes%20public.%0A%0AI%20pre-programmed%20a%2010-second%20interactive%20digital%20simulation%20of%20your%20custom%20standee%20here%20so%20you%20can%20test%20it%20on%20your%20phone%3A%0A%F0%9F%91%89%20https%3A%2F%2Freputetap.github.io%2F%3Fid%3Dthe-chocolate-room%0A%0A%F0%9F%94%A5%20VADODARA%20LAUNCH%20PROMO%3A%20We%20are%20delivering%202%20custom-branded%20standees%20with%20your%20logo%20for%20just%20%E2%82%B9299%20%28Regular%20%E2%82%B92%2C999%29%20for%20our%20first%20100%20partner%20venues%21%0A%0AWould%20you%20like%20us%20to%20drop%20off%20a%20sample%20set%20at%20your%20counter%20this%20week%3F,Pending (Target: 100 Sprints),,
26,Styloria Unisex Hair Studio & Lounge,Salon,"Genda Circle, Vadodara",+919974098750,India's largest unisex salon format with heavy appointment volume,https://reputetap.github.io/?id=styloria-unisex-hair-studio-and-lounge,https://wa.me/919974098750?text=Hi%20Styloria%20Unisex%20Hair%20Studio%20%26%20Lounge%20Team%21%20%F0%9F%91%8B%20Quick%2010-second%20message%20from%20Vadodara%3A%0A%0AWe%20are%20manufacturing%20custom%20laser-cut%20acrylic%20NFC%20counter%20standees%20for%20local%20businesses%20in%20Vadodara%20to%20solve%20checkout%20review%20friction.%0A%0ARight%20now%2C%2090%25%2B%20of%20happy%20visitors%20at%20Styloria%20Unisex%20Hair%20Studio%20%26%20Lounge%20walk%20out%20without%20reviewing%20on%20Google%20because%20searching%20and%20typing%20takes%20too%20long.%20With%20this%20standee%20on%20your%20billing%20counter%3A%0A1.%20Customers%20tap%20their%20phone%20%28or%20scan%20QR%29%20and%20our%201-tap%20assistant%20drafts%20a%205-star%20review%20in%202%20seconds.%0A2.%20If%20someone%20had%20an%20issue%2C%20it%20routes%20feedback%20privately%20to%20your%20WhatsApp%20so%20you%20can%20fix%20it%20on%20the%20spot%20before%20a%201-star%20review%20goes%20public.%0A%0AI%20pre-programmed%20a%2010-second%20interactive%20digital%20simulation%20of%20your%20custom%20standee%20here%20so%20you%20can%20test%20it%20on%20your%20phone%3A%0A%F0%9F%91%89%20https%3A%2F%2Freputetap.github.io%2F%3Fid%3Dstyloria-unisex-hair-studio-and-lounge%0A%0A%F0%9F%94%A5%20VADODARA%20LAUNCH%20PROMO%3A%20We%20are%20delivering%202%20custom-branded%20standees%20with%20your%20logo%20for%20just%20%E2%82%B9299%20%28Regular%20%E2%82%B92%2C999%29%20for%20our%20first%20100%20partner%20venues%21%0A%0AWould%20you%20like%20us%20to%20drop%20off%20a%20sample%20set%20at%20your%20counter%20this%20week%3F,Pending (Target: 100 Sprints),,
27,Styloria Unisex Hair Studio,Salon,"Alkapuri, Vadodara",+917600088148,High-end luxury styling lounge in prime Alkapuri,https://reputetap.github.io/?id=styloria-unisex-hair-studio,https://wa.me/917600088148?text=Hi%20Styloria%20Unisex%20Hair%20Studio%20Team%21%20%F0%9F%91%8B%20Quick%2010-second%20message%20from%20Vadodara%3A%0A%0AWe%20are%20manufacturing%20custom%20laser-cut%20acrylic%20NFC%20counter%20standees%20for%20local%20businesses%20in%20Vadodara%20to%20solve%20checkout%20review%20friction.%0A%0ARight%20now%2C%2090%25%2B%20of%20happy%20visitors%20at%20Styloria%20Unisex%20Hair%20Studio%20walk%20out%20without%20reviewing%20on%20Google%20because%20searching%20and%20typing%20takes%20too%20long.%20With%20this%20standee%20on%20your%20billing%20counter%3A%0A1.%20Customers%20tap%20their%20phone%20%28or%20scan%20QR%29%20and%20our%201-tap%20assistant%20drafts%20a%205-star%20review%20in%202%20seconds.%0A2.%20If%20someone%20had%20an%20issue%2C%20it%20routes%20feedback%20privately%20to%20your%20WhatsApp%20so%20you%20can%20fix%20it%20on%20the%20spot%20before%20a%201-star%20review%20goes%20public.%0A%0AI%20pre-programmed%20a%2010-second%20interactive%20digital%20simulation%20of%20your%20custom%20standee%20here%20so%20you%20can%20test%20it%20on%20your%20phone%3A%0A%F0%9F%91%89%20https%3A%2F%2Freputetap.github.io%2F%3Fid%3Dstyloria-unisex-hair-studio%0A%0A%F0%9F%94%A5%20VADODARA%20LAUNCH%20PROMO%3A%20We%20are%20delivering%202%20custom-branded%20standees%20with%20your%20logo%20for%20just%20%E2%82%B9299%20%28Regular%20%E2%82%B92%2C999%29%20for%20our%20first%20100%20partner%20venues%21%0A%0AWould%20you%20like%20us%20to%20drop%20off%20a%20sample%20set%20at%20your%20counter%20this%20week%3F,Pending (Target: 100 Sprints),,
28,Enrich Salon Vadodara,Salon,"Alkapuri, Vadodara",+919152253000,Premium unisex grooming franchise with strict customer satisfaction targets,https://reputetap.github.io/?id=enrich-salon-vadodara,https://wa.me/919152253000?text=Hi%20Enrich%20Salon%20Vadodara%20Team%21%20%F0%9F%91%8B%20Quick%2010-second%20message%20from%20Vadodara%3A%0A%0AWe%20are%20manufacturing%20custom%20laser-cut%20acrylic%20NFC%20counter%20standees%20for%20local%20businesses%20in%20Vadodara%20to%20solve%20checkout%20review%20friction.%0A%0ARight%20now%2C%2090%25%2B%20of%20happy%20visitors%20at%20Enrich%20Salon%20Vadodara%20walk%20out%20without%20reviewing%20on%20Google%20because%20searching%20and%20typing%20takes%20too%20long.%20With%20this%20standee%20on%20your%20billing%20counter%3A%0A1.%20Customers%20tap%20their%20phone%20%28or%20scan%20QR%29%20and%20our%201-tap%20assistant%20drafts%20a%205-star%20review%20in%202%20seconds.%0A2.%20If%20someone%20had%20an%20issue%2C%20it%20routes%20feedback%20privately%20to%20your%20WhatsApp%20so%20you%20can%20fix%20it%20on%20the%20spot%20before%20a%201-star%20review%20goes%20public.%0A%0AI%20pre-programmed%20a%2010-second%20interactive%20digital%20simulation%20of%20your%20custom%20standee%20here%20so%20you%20can%20test%20it%20on%20your%20phone%3A%0A%F0%9F%91%89%20https%3A%2F%2Freputetap.github.io%2F%3Fid%3Denrich-salon-vadodara%0A%0A%F0%9F%94%A5%20VADODARA%20LAUNCH%20PROMO%3A%20We%20are%20delivering%202%20custom-branded%20standees%20with%20your%20logo%20for%20just%20%E2%82%B9299%20%28Regular%20%E2%82%B92%2C999%29%20for%20our%20first%20100%20partner%20venues%21%0A%0AWould%20you%20like%20us%20to%20drop%20off%20a%20sample%20set%20at%20your%20counter%20this%20week%3F,Pending (Target: 100 Sprints),,
29,Wave Salon & Academy,Salon,"Akota, Vadodara",+918238307599,Hair color and balayage specialists with high client spend,https://reputetap.github.io/?id=wave-salon-and-academy,https://wa.me/918238307599?text=Hi%20Wave%20Salon%20%26%20Academy%20Team%21%20%F0%9F%91%8B%20Quick%2010-second%20message%20from%20Vadodara%3A%0A%0AWe%20are%20manufacturing%20custom%20laser-cut%20acrylic%20NFC%20counter%20standees%20for%20local%20businesses%20in%20Vadodara%20to%20solve%20checkout%20review%20friction.%0A%0ARight%20now%2C%2090%25%2B%20of%20happy%20visitors%20at%20Wave%20Salon%20%26%20Academy%20walk%20out%20without%20reviewing%20on%20Google%20because%20searching%20and%20typing%20takes%20too%20long.%20With%20this%20standee%20on%20your%20billing%20counter%3A%0A1.%20Customers%20tap%20their%20phone%20%28or%20scan%20QR%29%20and%20our%201-tap%20assistant%20drafts%20a%205-star%20review%20in%202%20seconds.%0A2.%20If%20someone%20had%20an%20issue%2C%20it%20routes%20feedback%20privately%20to%20your%20WhatsApp%20so%20you%20can%20fix%20it%20on%20the%20spot%20before%20a%201-star%20review%20goes%20public.%0A%0AI%20pre-programmed%20a%2010-second%20interactive%20digital%20simulation%20of%20your%20custom%20standee%20here%20so%20you%20can%20test%20it%20on%20your%20phone%3A%0A%F0%9F%91%89%20https%3A%2F%2Freputetap.github.io%2F%3Fid%3Dwave-salon-and-academy%0A%0A%F0%9F%94%A5%20VADODARA%20LAUNCH%20PROMO%3A%20We%20are%20delivering%202%20custom-branded%20standees%20with%20your%20logo%20for%20just%20%E2%82%B9299%20%28Regular%20%E2%82%B92%2C999%29%20for%20our%20first%20100%20partner%20venues%21%0A%0AWould%20you%20like%20us%20to%20drop%20off%20a%20sample%20set%20at%20your%20counter%20this%20week%3F,Pending (Target: 100 Sprints),,
30,Lakme Salon For Him & Her,Salon,"Alkapuri, Vadodara",+918291128445,Bridal and premium beauty destination,https://reputetap.github.io/?id=lakme-salon-for-him-and-her,https://wa.me/918291128445?text=Hi%20Lakme%20Salon%20For%20Him%20%26%20Her%20Team%21%20%F0%9F%91%8B%20Quick%2010-second%20message%20from%20Vadodara%3A%0A%0AWe%20are%20manufacturing%20custom%20laser-cut%20acrylic%20NFC%20counter%20standees%20for%20local%20businesses%20in%20Vadodara%20to%20solve%20checkout%20review%20friction.%0A%0ARight%20now%2C%2090%25%2B%20of%20happy%20visitors%20at%20Lakme%20Salon%20For%20Him%20%26%20Her%20walk%20out%20without%20reviewing%20on%20Google%20because%20searching%20and%20typing%20takes%20too%20long.%20With%20this%20standee%20on%20your%20billing%20counter%3A%0A1.%20Customers%20tap%20their%20phone%20%28or%20scan%20QR%29%20and%20our%201-tap%20assistant%20drafts%20a%205-star%20review%20in%202%20seconds.%0A2.%20If%20someone%20had%20an%20issue%2C%20it%20routes%20feedback%20privately%20to%20your%20WhatsApp%20so%20you%20can%20fix%20it%20on%20the%20spot%20before%20a%201-star%20review%20goes%20public.%0A%0AI%20pre-programmed%20a%2010-second%20interactive%20digital%20simulation%20of%20your%20custom%20standee%20here%20so%20you%20can%20test%20it%20on%20your%20phone%3A%0A%F0%9F%91%89%20https%3A%2F%2Freputetap.github.io%2F%3Fid%3Dlakme-salon-for-him-and-her%0A%0A%F0%9F%94%A5%20VADODARA%20LAUNCH%20PROMO%3A%20We%20are%20delivering%202%20custom-branded%20standees%20with%20your%20logo%20for%20just%20%E2%82%B9299%20%28Regular%20%E2%82%B92%2C999%29%20for%20our%20first%20100%20partner%20venues%21%0A%0AWould%20you%20like%20us%20to%20drop%20off%20a%20sample%20set%20at%20your%20counter%20this%20week%3F,Pending (Target: 100 Sprints),,
31,Cutz Beauty Salon,Salon,"Alkapuri, Vadodara",+912652323222,25-year legacy salon with loyal senior clientele,https://reputetap.github.io/?id=cutz-beauty-salon,https://wa.me/912652323222?text=Hi%20Cutz%20Beauty%20Salon%20Team%21%20%F0%9F%91%8B%20Quick%2010-second%20message%20from%20Vadodara%3A%0A%0AWe%20are%20manufacturing%20custom%20laser-cut%20acrylic%20NFC%20counter%20standees%20for%20local%20businesses%20in%20Vadodara%20to%20solve%20checkout%20review%20friction.%0A%0ARight%20now%2C%2090%25%2B%20of%20happy%20visitors%20at%20Cutz%20Beauty%20Salon%20walk%20out%20without%20reviewing%20on%20Google%20because%20searching%20and%20typing%20takes%20too%20long.%20With%20this%20standee%20on%20your%20billing%20counter%3A%0A1.%20Customers%20tap%20their%20phone%20%28or%20scan%20QR%29%20and%20our%201-tap%20assistant%20drafts%20a%205-star%20review%20in%202%20seconds.%0A2.%20If%20someone%20had%20an%20issue%2C%20it%20routes%20feedback%20privately%20to%20your%20WhatsApp%20so%20you%20can%20fix%20it%20on%20the%20spot%20before%20a%201-star%20review%20goes%20public.%0A%0AI%20pre-programmed%20a%2010-second%20interactive%20digital%20simulation%20of%20your%20custom%20standee%20here%20so%20you%20can%20test%20it%20on%20your%20phone%3A%0A%F0%9F%91%89%20https%3A%2F%2Freputetap.github.io%2F%3Fid%3Dcutz-beauty-salon%0A%0A%F0%9F%94%A5%20VADODARA%20LAUNCH%20PROMO%3A%20We%20are%20delivering%202%20custom-branded%20standees%20with%20your%20logo%20for%20just%20%E2%82%B9299%20%28Regular%20%E2%82%B92%2C999%29%20for%20our%20first%20100%20partner%20venues%21%0A%0AWould%20you%20like%20us%20to%20drop%20off%20a%20sample%20set%20at%20your%20counter%20this%20week%3F,Pending (Target: 100 Sprints),,
32,Champion Ladies & Gents Salon,Salon,"Alkapuri, Vadodara",+919724661172,High-frequency grooming salon near Circuit House,https://reputetap.github.io/?id=champion-ladies-and-gents-salon,https://wa.me/919724661172?text=Hi%20Champion%20Ladies%20%26%20Gents%20Salon%20Team%21%20%F0%9F%91%8B%20Quick%2010-second%20message%20from%20Vadodara%3A%0A%0AWe%20are%20manufacturing%20custom%20laser-cut%20acrylic%20NFC%20counter%20standees%20for%20local%20businesses%20in%20Vadodara%20to%20solve%20checkout%20review%20friction.%0A%0ARight%20now%2C%2090%25%2B%20of%20happy%20visitors%20at%20Champion%20Ladies%20%26%20Gents%20Salon%20walk%20out%20without%20reviewing%20on%20Google%20because%20searching%20and%20typing%20takes%20too%20long.%20With%20this%20standee%20on%20your%20billing%20counter%3A%0A1.%20Customers%20tap%20their%20phone%20%28or%20scan%20QR%29%20and%20our%201-tap%20assistant%20drafts%20a%205-star%20review%20in%202%20seconds.%0A2.%20If%20someone%20had%20an%20issue%2C%20it%20routes%20feedback%20privately%20to%20your%20WhatsApp%20so%20you%20can%20fix%20it%20on%20the%20spot%20before%20a%201-star%20review%20goes%20public.%0A%0AI%20pre-programmed%20a%2010-second%20interactive%20digital%20simulation%20of%20your%20custom%20standee%20here%20so%20you%20can%20test%20it%20on%20your%20phone%3A%0A%F0%9F%91%89%20https%3A%2F%2Freputetap.github.io%2F%3Fid%3Dchampion-ladies-and-gents-salon%0A%0A%F0%9F%94%A5%20VADODARA%20LAUNCH%20PROMO%3A%20We%20are%20delivering%202%20custom-branded%20standees%20with%20your%20logo%20for%20just%20%E2%82%B9299%20%28Regular%20%E2%82%B92%2C999%29%20for%20our%20first%20100%20partner%20venues%21%0A%0AWould%20you%20like%20us%20to%20drop%20off%20a%20sample%20set%20at%20your%20counter%20this%20week%3F,Pending (Target: 100 Sprints),,
33,Truefitt & Hill,Salon,"Alkapuri, Vadodara",+919825123470,Ultra-luxury royal barbershop with discerning high-net-worth clients,https://reputetap.github.io/?id=truefitt-and-hill,https://wa.me/919825123470?text=Hi%20Truefitt%20%26%20Hill%20Team%21%20%F0%9F%91%8B%20Quick%2010-second%20message%20from%20Vadodara%3A%0A%0AWe%20are%20manufacturing%20custom%20laser-cut%20acrylic%20NFC%20counter%20standees%20for%20local%20businesses%20in%20Vadodara%20to%20solve%20checkout%20review%20friction.%0A%0ARight%20now%2C%2090%25%2B%20of%20happy%20visitors%20at%20Truefitt%20%26%20Hill%20walk%20out%20without%20reviewing%20on%20Google%20because%20searching%20and%20typing%20takes%20too%20long.%20With%20this%20standee%20on%20your%20billing%20counter%3A%0A1.%20Customers%20tap%20their%20phone%20%28or%20scan%20QR%29%20and%20our%201-tap%20assistant%20drafts%20a%205-star%20review%20in%202%20seconds.%0A2.%20If%20someone%20had%20an%20issue%2C%20it%20routes%20feedback%20privately%20to%20your%20WhatsApp%20so%20you%20can%20fix%20it%20on%20the%20spot%20before%20a%201-star%20review%20goes%20public.%0A%0AI%20pre-programmed%20a%2010-second%20interactive%20digital%20simulation%20of%20your%20custom%20standee%20here%20so%20you%20can%20test%20it%20on%20your%20phone%3A%0A%F0%9F%91%89%20https%3A%2F%2Freputetap.github.io%2F%3Fid%3Dtruefitt-and-hill%0A%0A%F0%9F%94%A5%20VADODARA%20LAUNCH%20PROMO%3A%20We%20are%20delivering%202%20custom-branded%20standees%20with%20your%20logo%20for%20just%20%E2%82%B9299%20%28Regular%20%E2%82%B92%2C999%29%20for%20our%20first%20100%20partner%20venues%21%0A%0AWould%20you%20like%20us%20to%20drop%20off%20a%20sample%20set%20at%20your%20counter%20this%20week%3F,Pending (Target: 100 Sprints),,
34,Toni & Guy,Salon,"Race Course, Vadodara",+919825123471,International franchise with creative styling focus,https://reputetap.github.io/?id=toni-and-guy,https://wa.me/919825123471?text=Hi%20Toni%20%26%20Guy%20Team%21%20%F0%9F%91%8B%20Quick%2010-second%20message%20from%20Vadodara%3A%0A%0AWe%20are%20manufacturing%20custom%20laser-cut%20acrylic%20NFC%20counter%20standees%20for%20local%20businesses%20in%20Vadodara%20to%20solve%20checkout%20review%20friction.%0A%0ARight%20now%2C%2090%25%2B%20of%20happy%20visitors%20at%20Toni%20%26%20Guy%20walk%20out%20without%20reviewing%20on%20Google%20because%20searching%20and%20typing%20takes%20too%20long.%20With%20this%20standee%20on%20your%20billing%20counter%3A%0A1.%20Customers%20tap%20their%20phone%20%28or%20scan%20QR%29%20and%20our%201-tap%20assistant%20drafts%20a%205-star%20review%20in%202%20seconds.%0A2.%20If%20someone%20had%20an%20issue%2C%20it%20routes%20feedback%20privately%20to%20your%20WhatsApp%20so%20you%20can%20fix%20it%20on%20the%20spot%20before%20a%201-star%20review%20goes%20public.%0A%0AI%20pre-programmed%20a%2010-second%20interactive%20digital%20simulation%20of%20your%20custom%20standee%20here%20so%20you%20can%20test%20it%20on%20your%20phone%3A%0A%F0%9F%91%89%20https%3A%2F%2Freputetap.github.io%2F%3Fid%3Dtoni-and-guy%0A%0A%F0%9F%94%A5%20VADODARA%20LAUNCH%20PROMO%3A%20We%20are%20delivering%202%20custom-branded%20standees%20with%20your%20logo%20for%20just%20%E2%82%B9299%20%28Regular%20%E2%82%B92%2C999%29%20for%20our%20first%20100%20partner%20venues%21%0A%0AWould%20you%20like%20us%20to%20drop%20off%20a%20sample%20set%20at%20your%20counter%20this%20week%3F,Pending (Target: 100 Sprints),,
35,Jawed Habib Hair & Beauty,Salon,"Gotri, Vadodara",+919825123472,High-throughput hair care and styling chain,https://reputetap.github.io/?id=jawed-habib-hair-and-beauty,https://wa.me/919825123472?text=Hi%20Jawed%20Habib%20Hair%20%26%20Beauty%20Team%21%20%F0%9F%91%8B%20Quick%2010-second%20message%20from%20Vadodara%3A%0A%0AWe%20are%20manufacturing%20custom%20laser-cut%20acrylic%20NFC%20counter%20standees%20for%20local%20businesses%20in%20Vadodara%20to%20solve%20checkout%20review%20friction.%0A%0ARight%20now%2C%2090%25%2B%20of%20happy%20visitors%20at%20Jawed%20Habib%20Hair%20%26%20Beauty%20walk%20out%20without%20reviewing%20on%20Google%20because%20searching%20and%20typing%20takes%20too%20long.%20With%20this%20standee%20on%20your%20billing%20counter%3A%0A1.%20Customers%20tap%20their%20phone%20%28or%20scan%20QR%29%20and%20our%201-tap%20assistant%20drafts%20a%205-star%20review%20in%202%20seconds.%0A2.%20If%20someone%20had%20an%20issue%2C%20it%20routes%20feedback%20privately%20to%20your%20WhatsApp%20so%20you%20can%20fix%20it%20on%20the%20spot%20before%20a%201-star%20review%20goes%20public.%0A%0AI%20pre-programmed%20a%2010-second%20interactive%20digital%20simulation%20of%20your%20custom%20standee%20here%20so%20you%20can%20test%20it%20on%20your%20phone%3A%0A%F0%9F%91%89%20https%3A%2F%2Freputetap.github.io%2F%3Fid%3Djawed-habib-hair-and-beauty%0A%0A%F0%9F%94%A5%20VADODARA%20LAUNCH%20PROMO%3A%20We%20are%20delivering%202%20custom-branded%20standees%20with%20your%20logo%20for%20just%20%E2%82%B9299%20%28Regular%20%E2%82%B92%2C999%29%20for%20our%20first%20100%20partner%20venues%21%0A%0AWould%20you%20like%20us%20to%20drop%20off%20a%20sample%20set%20at%20your%20counter%20this%20week%3F,Pending (Target: 100 Sprints),,
36,Bespoke Hair Studio,Salon,"Vasna Rd, Vadodara",+919825123473,Independent boutique salon catering to wedding parties,https://reputetap.github.io/?id=bespoke-hair-studio,https://wa.me/919825123473?text=Hi%20Bespoke%20Hair%20Studio%20Team%21%20%F0%9F%91%8B%20Quick%2010-second%20message%20from%20Vadodara%3A%0A%0AWe%20are%20manufacturing%20custom%20laser-cut%20acrylic%20NFC%20counter%20standees%20for%20local%20businesses%20in%20Vadodara%20to%20solve%20checkout%20review%20friction.%0A%0ARight%20now%2C%2090%25%2B%20of%20happy%20visitors%20at%20Bespoke%20Hair%20Studio%20walk%20out%20without%20reviewing%20on%20Google%20because%20searching%20and%20typing%20takes%20too%20long.%20With%20this%20standee%20on%20your%20billing%20counter%3A%0A1.%20Customers%20tap%20their%20phone%20%28or%20scan%20QR%29%20and%20our%201-tap%20assistant%20drafts%20a%205-star%20review%20in%202%20seconds.%0A2.%20If%20someone%20had%20an%20issue%2C%20it%20routes%20feedback%20privately%20to%20your%20WhatsApp%20so%20you%20can%20fix%20it%20on%20the%20spot%20before%20a%201-star%20review%20goes%20public.%0A%0AI%20pre-programmed%20a%2010-second%20interactive%20digital%20simulation%20of%20your%20custom%20standee%20here%20so%20you%20can%20test%20it%20on%20your%20phone%3A%0A%F0%9F%91%89%20https%3A%2F%2Freputetap.github.io%2F%3Fid%3Dbespoke-hair-studio%0A%0A%F0%9F%94%A5%20VADODARA%20LAUNCH%20PROMO%3A%20We%20are%20delivering%202%20custom-branded%20standees%20with%20your%20logo%20for%20just%20%E2%82%B9299%20%28Regular%20%E2%82%B92%2C999%29%20for%20our%20first%20100%20partner%20venues%21%0A%0AWould%20you%20like%20us%20to%20drop%20off%20a%20sample%20set%20at%20your%20counter%20this%20week%3F,Pending (Target: 100 Sprints),,
37,The Nail Room Baroda,Salon,"Alkapuri, Vadodara",+919825123474,Specialty nail extensions and aesthetic lash studio,https://reputetap.github.io/?id=the-nail-room-baroda,https://wa.me/919825123474?text=Hi%20The%20Nail%20Room%20Baroda%20Team%21%20%F0%9F%91%8B%20Quick%2010-second%20message%20from%20Vadodara%3A%0A%0AWe%20are%20manufacturing%20custom%20laser-cut%20acrylic%20NFC%20counter%20standees%20for%20local%20businesses%20in%20Vadodara%20to%20solve%20checkout%20review%20friction.%0A%0ARight%20now%2C%2090%25%2B%20of%20happy%20visitors%20at%20The%20Nail%20Room%20Baroda%20walk%20out%20without%20reviewing%20on%20Google%20because%20searching%20and%20typing%20takes%20too%20long.%20With%20this%20standee%20on%20your%20billing%20counter%3A%0A1.%20Customers%20tap%20their%20phone%20%28or%20scan%20QR%29%20and%20our%201-tap%20assistant%20drafts%20a%205-star%20review%20in%202%20seconds.%0A2.%20If%20someone%20had%20an%20issue%2C%20it%20routes%20feedback%20privately%20to%20your%20WhatsApp%20so%20you%20can%20fix%20it%20on%20the%20spot%20before%20a%201-star%20review%20goes%20public.%0A%0AI%20pre-programmed%20a%2010-second%20interactive%20digital%20simulation%20of%20your%20custom%20standee%20here%20so%20you%20can%20test%20it%20on%20your%20phone%3A%0A%F0%9F%91%89%20https%3A%2F%2Freputetap.github.io%2F%3Fid%3Dthe-nail-room-baroda%0A%0A%F0%9F%94%A5%20VADODARA%20LAUNCH%20PROMO%3A%20We%20are%20delivering%202%20custom-branded%20standees%20with%20your%20logo%20for%20just%20%E2%82%B9299%20%28Regular%20%E2%82%B92%2C999%29%20for%20our%20first%20100%20partner%20venues%21%0A%0AWould%20you%20like%20us%20to%20drop%20off%20a%20sample%20set%20at%20your%20counter%20this%20week%3F,Pending (Target: 100 Sprints),,
38,Glam Studio,Salon,"Manjalpur, Vadodara",+919825123475,Neighborhood bridal makeover and facial hub,https://reputetap.github.io/?id=glam-studio,https://wa.me/919825123475?text=Hi%20Glam%20Studio%20Team%21%20%F0%9F%91%8B%20Quick%2010-second%20message%20from%20Vadodara%3A%0A%0AWe%20are%20manufacturing%20custom%20laser-cut%20acrylic%20NFC%20counter%20standees%20for%20local%20businesses%20in%20Vadodara%20to%20solve%20checkout%20review%20friction.%0A%0ARight%20now%2C%2090%25%2B%20of%20happy%20visitors%20at%20Glam%20Studio%20walk%20out%20without%20reviewing%20on%20Google%20because%20searching%20and%20typing%20takes%20too%20long.%20With%20this%20standee%20on%20your%20billing%20counter%3A%0A1.%20Customers%20tap%20their%20phone%20%28or%20scan%20QR%29%20and%20our%201-tap%20assistant%20drafts%20a%205-star%20review%20in%202%20seconds.%0A2.%20If%20someone%20had%20an%20issue%2C%20it%20routes%20feedback%20privately%20to%20your%20WhatsApp%20so%20you%20can%20fix%20it%20on%20the%20spot%20before%20a%201-star%20review%20goes%20public.%0A%0AI%20pre-programmed%20a%2010-second%20interactive%20digital%20simulation%20of%20your%20custom%20standee%20here%20so%20you%20can%20test%20it%20on%20your%20phone%3A%0A%F0%9F%91%89%20https%3A%2F%2Freputetap.github.io%2F%3Fid%3Dglam-studio%0A%0A%F0%9F%94%A5%20VADODARA%20LAUNCH%20PROMO%3A%20We%20are%20delivering%202%20custom-branded%20standees%20with%20your%20logo%20for%20just%20%E2%82%B9299%20%28Regular%20%E2%82%B92%2C999%29%20for%20our%20first%20100%20partner%20venues%21%0A%0AWould%20you%20like%20us%20to%20drop%20off%20a%20sample%20set%20at%20your%20counter%20this%20week%3F,Pending (Target: 100 Sprints),,
39,Geetanjali Salon,Salon,"Alkapuri, Vadodara",+919825123476,National luxury chain with multi-service clients,https://reputetap.github.io/?id=geetanjali-salon,https://wa.me/919825123476?text=Hi%20Geetanjali%20Salon%20Team%21%20%F0%9F%91%8B%20Quick%2010-second%20message%20from%20Vadodara%3A%0A%0AWe%20are%20manufacturing%20custom%20laser-cut%20acrylic%20NFC%20counter%20standees%20for%20local%20businesses%20in%20Vadodara%20to%20solve%20checkout%20review%20friction.%0A%0ARight%20now%2C%2090%25%2B%20of%20happy%20visitors%20at%20Geetanjali%20Salon%20walk%20out%20without%20reviewing%20on%20Google%20because%20searching%20and%20typing%20takes%20too%20long.%20With%20this%20standee%20on%20your%20billing%20counter%3A%0A1.%20Customers%20tap%20their%20phone%20%28or%20scan%20QR%29%20and%20our%201-tap%20assistant%20drafts%20a%205-star%20review%20in%202%20seconds.%0A2.%20If%20someone%20had%20an%20issue%2C%20it%20routes%20feedback%20privately%20to%20your%20WhatsApp%20so%20you%20can%20fix%20it%20on%20the%20spot%20before%20a%201-star%20review%20goes%20public.%0A%0AI%20pre-programmed%20a%2010-second%20interactive%20digital%20simulation%20of%20your%20custom%20standee%20here%20so%20you%20can%20test%20it%20on%20your%20phone%3A%0A%F0%9F%91%89%20https%3A%2F%2Freputetap.github.io%2F%3Fid%3Dgeetanjali-salon%0A%0A%F0%9F%94%A5%20VADODARA%20LAUNCH%20PROMO%3A%20We%20are%20delivering%202%20custom-branded%20standees%20with%20your%20logo%20for%20just%20%E2%82%B9299%20%28Regular%20%E2%82%B92%2C999%29%20for%20our%20first%20100%20partner%20venues%21%0A%0AWould%20you%20like%20us%20to%20drop%20off%20a%20sample%20set%20at%20your%20counter%20this%20week%3F,Pending (Target: 100 Sprints),,
40,Looks Salon,Salon,"Bhayli, Vadodara",+919825123477,New upscale salon in expanding affluent suburb,https://reputetap.github.io/?id=looks-salon,https://wa.me/919825123477?text=Hi%20Looks%20Salon%20Team%21%20%F0%9F%91%8B%20Quick%2010-second%20message%20from%20Vadodara%3A%0A%0AWe%20are%20manufacturing%20custom%20laser-cut%20acrylic%20NFC%20counter%20standees%20for%20local%20businesses%20in%20Vadodara%20to%20solve%20checkout%20review%20friction.%0A%0ARight%20now%2C%2090%25%2B%20of%20happy%20visitors%20at%20Looks%20Salon%20walk%20out%20without%20reviewing%20on%20Google%20because%20searching%20and%20typing%20takes%20too%20long.%20With%20this%20standee%20on%20your%20billing%20counter%3A%0A1.%20Customers%20tap%20their%20phone%20%28or%20scan%20QR%29%20and%20our%201-tap%20assistant%20drafts%20a%205-star%20review%20in%202%20seconds.%0A2.%20If%20someone%20had%20an%20issue%2C%20it%20routes%20feedback%20privately%20to%20your%20WhatsApp%20so%20you%20can%20fix%20it%20on%20the%20spot%20before%20a%201-star%20review%20goes%20public.%0A%0AI%20pre-programmed%20a%2010-second%20interactive%20digital%20simulation%20of%20your%20custom%20standee%20here%20so%20you%20can%20test%20it%20on%20your%20phone%3A%0A%F0%9F%91%89%20https%3A%2F%2Freputetap.github.io%2F%3Fid%3Dlooks-salon%0A%0A%F0%9F%94%A5%20VADODARA%20LAUNCH%20PROMO%3A%20We%20are%20delivering%202%20custom-branded%20standees%20with%20your%20logo%20for%20just%20%E2%82%B9299%20%28Regular%20%E2%82%B92%2C999%29%20for%20our%20first%20100%20partner%20venues%21%0A%0AWould%20you%20like%20us%20to%20drop%20off%20a%20sample%20set%20at%20your%20counter%20this%20week%3F,Pending (Target: 100 Sprints),,
41,Headmasters Salon,Salon,"Old Padra Rd, Vadodara",+919825123478,Comprehensive grooming and wellness spa center,https://reputetap.github.io/?id=headmasters-salon,https://wa.me/919825123478?text=Hi%20Headmasters%20Salon%20Team%21%20%F0%9F%91%8B%20Quick%2010-second%20message%20from%20Vadodara%3A%0A%0AWe%20are%20manufacturing%20custom%20laser-cut%20acrylic%20NFC%20counter%20standees%20for%20local%20businesses%20in%20Vadodara%20to%20solve%20checkout%20review%20friction.%0A%0ARight%20now%2C%2090%25%2B%20of%20happy%20visitors%20at%20Headmasters%20Salon%20walk%20out%20without%20reviewing%20on%20Google%20because%20searching%20and%20typing%20takes%20too%20long.%20With%20this%20standee%20on%20your%20billing%20counter%3A%0A1.%20Customers%20tap%20their%20phone%20%28or%20scan%20QR%29%20and%20our%201-tap%20assistant%20drafts%20a%205-star%20review%20in%202%20seconds.%0A2.%20If%20someone%20had%20an%20issue%2C%20it%20routes%20feedback%20privately%20to%20your%20WhatsApp%20so%20you%20can%20fix%20it%20on%20the%20spot%20before%20a%201-star%20review%20goes%20public.%0A%0AI%20pre-programmed%20a%2010-second%20interactive%20digital%20simulation%20of%20your%20custom%20standee%20here%20so%20you%20can%20test%20it%20on%20your%20phone%3A%0A%F0%9F%91%89%20https%3A%2F%2Freputetap.github.io%2F%3Fid%3Dheadmasters-salon%0A%0A%F0%9F%94%A5%20VADODARA%20LAUNCH%20PROMO%3A%20We%20are%20delivering%202%20custom-branded%20standees%20with%20your%20logo%20for%20just%20%E2%82%B9299%20%28Regular%20%E2%82%B92%2C999%29%20for%20our%20first%20100%20partner%20venues%21%0A%0AWould%20you%20like%20us%20to%20drop%20off%20a%20sample%20set%20at%20your%20counter%20this%20week%3F,Pending (Target: 100 Sprints),,
42,Aura Thai Spa,Spa,"Alkapuri, Vadodara",+919825123479,Authentic relaxation therapies needing immediate post-session review capture,https://reputetap.github.io/?id=aura-thai-spa,https://wa.me/919825123479?text=Hi%20Aura%20Thai%20Spa%20Team%21%20%F0%9F%91%8B%20Quick%2010-second%20message%20from%20Vadodara%3A%0A%0AWe%20are%20manufacturing%20custom%20laser-cut%20acrylic%20NFC%20counter%20standees%20for%20local%20businesses%20in%20Vadodara%20to%20solve%20checkout%20review%20friction.%0A%0ARight%20now%2C%2090%25%2B%20of%20happy%20visitors%20at%20Aura%20Thai%20Spa%20walk%20out%20without%20reviewing%20on%20Google%20because%20searching%20and%20typing%20takes%20too%20long.%20With%20this%20standee%20on%20your%20billing%20counter%3A%0A1.%20Customers%20tap%20their%20phone%20%28or%20scan%20QR%29%20and%20our%201-tap%20assistant%20drafts%20a%205-star%20review%20in%202%20seconds.%0A2.%20If%20someone%20had%20an%20issue%2C%20it%20routes%20feedback%20privately%20to%20your%20WhatsApp%20so%20you%20can%20fix%20it%20on%20the%20spot%20before%20a%201-star%20review%20goes%20public.%0A%0AI%20pre-programmed%20a%2010-second%20interactive%20digital%20simulation%20of%20your%20custom%20standee%20here%20so%20you%20can%20test%20it%20on%20your%20phone%3A%0A%F0%9F%91%89%20https%3A%2F%2Freputetap.github.io%2F%3Fid%3Daura-thai-spa%0A%0A%F0%9F%94%A5%20VADODARA%20LAUNCH%20PROMO%3A%20We%20are%20delivering%202%20custom-branded%20standees%20with%20your%20logo%20for%20just%20%E2%82%B9299%20%28Regular%20%E2%82%B92%2C999%29%20for%20our%20first%20100%20partner%20venues%21%0A%0AWould%20you%20like%20us%20to%20drop%20off%20a%20sample%20set%20at%20your%20counter%20this%20week%3F,Pending (Target: 100 Sprints),,
43,O2 Spa,Spa,"Sayajigunj, Vadodara",+919825123480,Hotel wellness spa with business traveler guests,https://reputetap.github.io/?id=o2-spa,https://wa.me/919825123480?text=Hi%20O2%20Spa%20Team%21%20%F0%9F%91%8B%20Quick%2010-second%20message%20from%20Vadodara%3A%0A%0AWe%20are%20manufacturing%20custom%20laser-cut%20acrylic%20NFC%20counter%20standees%20for%20local%20businesses%20in%20Vadodara%20to%20solve%20checkout%20review%20friction.%0A%0ARight%20now%2C%2090%25%2B%20of%20happy%20visitors%20at%20O2%20Spa%20walk%20out%20without%20reviewing%20on%20Google%20because%20searching%20and%20typing%20takes%20too%20long.%20With%20this%20standee%20on%20your%20billing%20counter%3A%0A1.%20Customers%20tap%20their%20phone%20%28or%20scan%20QR%29%20and%20our%201-tap%20assistant%20drafts%20a%205-star%20review%20in%202%20seconds.%0A2.%20If%20someone%20had%20an%20issue%2C%20it%20routes%20feedback%20privately%20to%20your%20WhatsApp%20so%20you%20can%20fix%20it%20on%20the%20spot%20before%20a%201-star%20review%20goes%20public.%0A%0AI%20pre-programmed%20a%2010-second%20interactive%20digital%20simulation%20of%20your%20custom%20standee%20here%20so%20you%20can%20test%20it%20on%20your%20phone%3A%0A%F0%9F%91%89%20https%3A%2F%2Freputetap.github.io%2F%3Fid%3Do2-spa%0A%0A%F0%9F%94%A5%20VADODARA%20LAUNCH%20PROMO%3A%20We%20are%20delivering%202%20custom-branded%20standees%20with%20your%20logo%20for%20just%20%E2%82%B9299%20%28Regular%20%E2%82%B92%2C999%29%20for%20our%20first%20100%20partner%20venues%21%0A%0AWould%20you%20like%20us%20to%20drop%20off%20a%20sample%20set%20at%20your%20counter%20this%20week%3F,Pending (Target: 100 Sprints),,
44,Tress & Glow,Salon,"Karelibaug, Vadodara",+919825123481,Active women's beauty lounge with seasonal rushes,https://reputetap.github.io/?id=tress-and-glow,https://wa.me/919825123481?text=Hi%20Tress%20%26%20Glow%20Team%21%20%F0%9F%91%8B%20Quick%2010-second%20message%20from%20Vadodara%3A%0A%0AWe%20are%20manufacturing%20custom%20laser-cut%20acrylic%20NFC%20counter%20standees%20for%20local%20businesses%20in%20Vadodara%20to%20solve%20checkout%20review%20friction.%0A%0ARight%20now%2C%2090%25%2B%20of%20happy%20visitors%20at%20Tress%20%26%20Glow%20walk%20out%20without%20reviewing%20on%20Google%20because%20searching%20and%20typing%20takes%20too%20long.%20With%20this%20standee%20on%20your%20billing%20counter%3A%0A1.%20Customers%20tap%20their%20phone%20%28or%20scan%20QR%29%20and%20our%201-tap%20assistant%20drafts%20a%205-star%20review%20in%202%20seconds.%0A2.%20If%20someone%20had%20an%20issue%2C%20it%20routes%20feedback%20privately%20to%20your%20WhatsApp%20so%20you%20can%20fix%20it%20on%20the%20spot%20before%20a%201-star%20review%20goes%20public.%0A%0AI%20pre-programmed%20a%2010-second%20interactive%20digital%20simulation%20of%20your%20custom%20standee%20here%20so%20you%20can%20test%20it%20on%20your%20phone%3A%0A%F0%9F%91%89%20https%3A%2F%2Freputetap.github.io%2F%3Fid%3Dtress-and-glow%0A%0A%F0%9F%94%A5%20VADODARA%20LAUNCH%20PROMO%3A%20We%20are%20delivering%202%20custom-branded%20standees%20with%20your%20logo%20for%20just%20%E2%82%B9299%20%28Regular%20%E2%82%B92%2C999%29%20for%20our%20first%20100%20partner%20venues%21%0A%0AWould%20you%20like%20us%20to%20drop%20off%20a%20sample%20set%20at%20your%20counter%20this%20week%3F,Pending (Target: 100 Sprints),,
45,Scissors Sound Salon,Salon,"Waghodia Rd, Vadodara",+919825123482,High-volume neighborhood men's salon,https://reputetap.github.io/?id=scissors-sound-salon,https://wa.me/919825123482?text=Hi%20Scissors%20Sound%20Salon%20Team%21%20%F0%9F%91%8B%20Quick%2010-second%20message%20from%20Vadodara%3A%0A%0AWe%20are%20manufacturing%20custom%20laser-cut%20acrylic%20NFC%20counter%20standees%20for%20local%20businesses%20in%20Vadodara%20to%20solve%20checkout%20review%20friction.%0A%0ARight%20now%2C%2090%25%2B%20of%20happy%20visitors%20at%20Scissors%20Sound%20Salon%20walk%20out%20without%20reviewing%20on%20Google%20because%20searching%20and%20typing%20takes%20too%20long.%20With%20this%20standee%20on%20your%20billing%20counter%3A%0A1.%20Customers%20tap%20their%20phone%20%28or%20scan%20QR%29%20and%20our%201-tap%20assistant%20drafts%20a%205-star%20review%20in%202%20seconds.%0A2.%20If%20someone%20had%20an%20issue%2C%20it%20routes%20feedback%20privately%20to%20your%20WhatsApp%20so%20you%20can%20fix%20it%20on%20the%20spot%20before%20a%201-star%20review%20goes%20public.%0A%0AI%20pre-programmed%20a%2010-second%20interactive%20digital%20simulation%20of%20your%20custom%20standee%20here%20so%20you%20can%20test%20it%20on%20your%20phone%3A%0A%F0%9F%91%89%20https%3A%2F%2Freputetap.github.io%2F%3Fid%3Dscissors-sound-salon%0A%0A%F0%9F%94%A5%20VADODARA%20LAUNCH%20PROMO%3A%20We%20are%20delivering%202%20custom-branded%20standees%20with%20your%20logo%20for%20just%20%E2%82%B9299%20%28Regular%20%E2%82%B92%2C999%29%20for%20our%20first%20100%20partner%20venues%21%0A%0AWould%20you%20like%20us%20to%20drop%20off%20a%20sample%20set%20at%20your%20counter%20this%20week%3F,Pending (Target: 100 Sprints),,
46,Blush & Bloom Makeovers,Salon,"Subhanpura, Vadodara",+919825123483,Bridal makeup studio reliant on positive portfolio reviews,https://reputetap.github.io/?id=blush-and-bloom-makeovers,https://wa.me/919825123483?text=Hi%20Blush%20%26%20Bloom%20Makeovers%20Team%21%20%F0%9F%91%8B%20Quick%2010-second%20message%20from%20Vadodara%3A%0A%0AWe%20are%20manufacturing%20custom%20laser-cut%20acrylic%20NFC%20counter%20standees%20for%20local%20businesses%20in%20Vadodara%20to%20solve%20checkout%20review%20friction.%0A%0ARight%20now%2C%2090%25%2B%20of%20happy%20visitors%20at%20Blush%20%26%20Bloom%20Makeovers%20walk%20out%20without%20reviewing%20on%20Google%20because%20searching%20and%20typing%20takes%20too%20long.%20With%20this%20standee%20on%20your%20billing%20counter%3A%0A1.%20Customers%20tap%20their%20phone%20%28or%20scan%20QR%29%20and%20our%201-tap%20assistant%20drafts%20a%205-star%20review%20in%202%20seconds.%0A2.%20If%20someone%20had%20an%20issue%2C%20it%20routes%20feedback%20privately%20to%20your%20WhatsApp%20so%20you%20can%20fix%20it%20on%20the%20spot%20before%20a%201-star%20review%20goes%20public.%0A%0AI%20pre-programmed%20a%2010-second%20interactive%20digital%20simulation%20of%20your%20custom%20standee%20here%20so%20you%20can%20test%20it%20on%20your%20phone%3A%0A%F0%9F%91%89%20https%3A%2F%2Freputetap.github.io%2F%3Fid%3Dblush-and-bloom-makeovers%0A%0A%F0%9F%94%A5%20VADODARA%20LAUNCH%20PROMO%3A%20We%20are%20delivering%202%20custom-branded%20standees%20with%20your%20logo%20for%20just%20%E2%82%B9299%20%28Regular%20%E2%82%B92%2C999%29%20for%20our%20first%20100%20partner%20venues%21%0A%0AWould%20you%20like%20us%20to%20drop%20off%20a%20sample%20set%20at%20your%20counter%20this%20week%3F,Pending (Target: 100 Sprints),,
47,Sizzling Scizzors,Salon,"Gotri, Vadodara",+919825123484,Family unisex salon with loyal repeat customer base,https://reputetap.github.io/?id=sizzling-scizzors,https://wa.me/919825123484?text=Hi%20Sizzling%20Scizzors%20Team%21%20%F0%9F%91%8B%20Quick%2010-second%20message%20from%20Vadodara%3A%0A%0AWe%20are%20manufacturing%20custom%20laser-cut%20acrylic%20NFC%20counter%20standees%20for%20local%20businesses%20in%20Vadodara%20to%20solve%20checkout%20review%20friction.%0A%0ARight%20now%2C%2090%25%2B%20of%20happy%20visitors%20at%20Sizzling%20Scizzors%20walk%20out%20without%20reviewing%20on%20Google%20because%20searching%20and%20typing%20takes%20too%20long.%20With%20this%20standee%20on%20your%20billing%20counter%3A%0A1.%20Customers%20tap%20their%20phone%20%28or%20scan%20QR%29%20and%20our%201-tap%20assistant%20drafts%20a%205-star%20review%20in%202%20seconds.%0A2.%20If%20someone%20had%20an%20issue%2C%20it%20routes%20feedback%20privately%20to%20your%20WhatsApp%20so%20you%20can%20fix%20it%20on%20the%20spot%20before%20a%201-star%20review%20goes%20public.%0A%0AI%20pre-programmed%20a%2010-second%20interactive%20digital%20simulation%20of%20your%20custom%20standee%20here%20so%20you%20can%20test%20it%20on%20your%20phone%3A%0A%F0%9F%91%89%20https%3A%2F%2Freputetap.github.io%2F%3Fid%3Dsizzling-scizzors%0A%0A%F0%9F%94%A5%20VADODARA%20LAUNCH%20PROMO%3A%20We%20are%20delivering%202%20custom-branded%20standees%20with%20your%20logo%20for%20just%20%E2%82%B9299%20%28Regular%20%E2%82%B92%2C999%29%20for%20our%20first%20100%20partner%20venues%21%0A%0AWould%20you%20like%20us%20to%20drop%20off%20a%20sample%20set%20at%20your%20counter%20this%20week%3F,Pending (Target: 100 Sprints),,
48,Studio 99 Salon & Spa,Salon,"Atladara, Vadodara",+919825123485,Emerging salon chain in fast-developing retail zone,https://reputetap.github.io/?id=studio-99-salon-and-spa,https://wa.me/919825123485?text=Hi%20Studio%2099%20Salon%20%26%20Spa%20Team%21%20%F0%9F%91%8B%20Quick%2010-second%20message%20from%20Vadodara%3A%0A%0AWe%20are%20manufacturing%20custom%20laser-cut%20acrylic%20NFC%20counter%20standees%20for%20local%20businesses%20in%20Vadodara%20to%20solve%20checkout%20review%20friction.%0A%0ARight%20now%2C%2090%25%2B%20of%20happy%20visitors%20at%20Studio%2099%20Salon%20%26%20Spa%20walk%20out%20without%20reviewing%20on%20Google%20because%20searching%20and%20typing%20takes%20too%20long.%20With%20this%20standee%20on%20your%20billing%20counter%3A%0A1.%20Customers%20tap%20their%20phone%20%28or%20scan%20QR%29%20and%20our%201-tap%20assistant%20drafts%20a%205-star%20review%20in%202%20seconds.%0A2.%20If%20someone%20had%20an%20issue%2C%20it%20routes%20feedback%20privately%20to%20your%20WhatsApp%20so%20you%20can%20fix%20it%20on%20the%20spot%20before%20a%201-star%20review%20goes%20public.%0A%0AI%20pre-programmed%20a%2010-second%20interactive%20digital%20simulation%20of%20your%20custom%20standee%20here%20so%20you%20can%20test%20it%20on%20your%20phone%3A%0A%F0%9F%91%89%20https%3A%2F%2Freputetap.github.io%2F%3Fid%3Dstudio-99-salon-and-spa%0A%0A%F0%9F%94%A5%20VADODARA%20LAUNCH%20PROMO%3A%20We%20are%20delivering%202%20custom-branded%20standees%20with%20your%20logo%20for%20just%20%E2%82%B9299%20%28Regular%20%E2%82%B92%2C999%29%20for%20our%20first%20100%20partner%20venues%21%0A%0AWould%20you%20like%20us%20to%20drop%20off%20a%20sample%20set%20at%20your%20counter%20this%20week%3F,Pending (Target: 100 Sprints),,
49,The Grooming Co.,Salon,"Akota, Vadodara",+919825123486,Modern men's beard and skin aesthetic lounge,https://reputetap.github.io/?id=the-grooming-co,https://wa.me/919825123486?text=Hi%20The%20Grooming%20Co.%20Team%21%20%F0%9F%91%8B%20Quick%2010-second%20message%20from%20Vadodara%3A%0A%0AWe%20are%20manufacturing%20custom%20laser-cut%20acrylic%20NFC%20counter%20standees%20for%20local%20businesses%20in%20Vadodara%20to%20solve%20checkout%20review%20friction.%0A%0ARight%20now%2C%2090%25%2B%20of%20happy%20visitors%20at%20The%20Grooming%20Co.%20walk%20out%20without%20reviewing%20on%20Google%20because%20searching%20and%20typing%20takes%20too%20long.%20With%20this%20standee%20on%20your%20billing%20counter%3A%0A1.%20Customers%20tap%20their%20phone%20%28or%20scan%20QR%29%20and%20our%201-tap%20assistant%20drafts%20a%205-star%20review%20in%202%20seconds.%0A2.%20If%20someone%20had%20an%20issue%2C%20it%20routes%20feedback%20privately%20to%20your%20WhatsApp%20so%20you%20can%20fix%20it%20on%20the%20spot%20before%20a%201-star%20review%20goes%20public.%0A%0AI%20pre-programmed%20a%2010-second%20interactive%20digital%20simulation%20of%20your%20custom%20standee%20here%20so%20you%20can%20test%20it%20on%20your%20phone%3A%0A%F0%9F%91%89%20https%3A%2F%2Freputetap.github.io%2F%3Fid%3Dthe-grooming-co%0A%0A%F0%9F%94%A5%20VADODARA%20LAUNCH%20PROMO%3A%20We%20are%20delivering%202%20custom-branded%20standees%20with%20your%20logo%20for%20just%20%E2%82%B9299%20%28Regular%20%E2%82%B92%2C999%29%20for%20our%20first%20100%20partner%20venues%21%0A%0AWould%20you%20like%20us%20to%20drop%20off%20a%20sample%20set%20at%20your%20counter%20this%20week%3F,Pending (Target: 100 Sprints),,
50,Envy Unisex Salon,Salon,"Harni Rd, Vadodara",+919825123487,Community-trusted styling shop near airport corridor,https://reputetap.github.io/?id=envy-unisex-salon,https://wa.me/919825123487?text=Hi%20Envy%20Unisex%20Salon%20Team%21%20%F0%9F%91%8B%20Quick%2010-second%20message%20from%20Vadodara%3A%0A%0AWe%20are%20manufacturing%20custom%20laser-cut%20acrylic%20NFC%20counter%20standees%20for%20local%20businesses%20in%20Vadodara%20to%20solve%20checkout%20review%20friction.%0A%0ARight%20now%2C%2090%25%2B%20of%20happy%20visitors%20at%20Envy%20Unisex%20Salon%20walk%20out%20without%20reviewing%20on%20Google%20because%20searching%20and%20typing%20takes%20too%20long.%20With%20this%20standee%20on%20your%20billing%20counter%3A%0A1.%20Customers%20tap%20their%20phone%20%28or%20scan%20QR%29%20and%20our%201-tap%20assistant%20drafts%20a%205-star%20review%20in%202%20seconds.%0A2.%20If%20someone%20had%20an%20issue%2C%20it%20routes%20feedback%20privately%20to%20your%20WhatsApp%20so%20you%20can%20fix%20it%20on%20the%20spot%20before%20a%201-star%20review%20goes%20public.%0A%0AI%20pre-programmed%20a%2010-second%20interactive%20digital%20simulation%20of%20your%20custom%20standee%20here%20so%20you%20can%20test%20it%20on%20your%20phone%3A%0A%F0%9F%91%89%20https%3A%2F%2Freputetap.github.io%2F%3Fid%3Denvy-unisex-salon%0A%0A%F0%9F%94%A5%20VADODARA%20LAUNCH%20PROMO%3A%20We%20are%20delivering%202%20custom-branded%20standees%20with%20your%20logo%20for%20just%20%E2%82%B9299%20%28Regular%20%E2%82%B92%2C999%29%20for%20our%20first%20100%20partner%20venues%21%0A%0AWould%20you%20like%20us%20to%20drop%20off%20a%20sample%20set%20at%20your%20counter%20this%20week%3F,Pending (Target: 100 Sprints),,
51,The Detailing Mafia,Car Care,"Old Padra Rd, Vadodara",+919825123488,National detailing franchise with premium ceramic/PPF tickets,https://reputetap.github.io/?id=the-detailing-mafia,https://wa.me/919825123488?text=Hi%20The%20Detailing%20Mafia%20Team%21%20%F0%9F%91%8B%20Quick%2010-second%20message%20from%20Vadodara%3A%0A%0AWe%20are%20manufacturing%20custom%20laser-cut%20acrylic%20NFC%20counter%20standees%20for%20local%20businesses%20in%20Vadodara%20to%20solve%20checkout%20review%20friction.%0A%0ARight%20now%2C%2090%25%2B%20of%20happy%20visitors%20at%20The%20Detailing%20Mafia%20walk%20out%20without%20reviewing%20on%20Google%20because%20searching%20and%20typing%20takes%20too%20long.%20With%20this%20standee%20on%20your%20billing%20counter%3A%0A1.%20Customers%20tap%20their%20phone%20%28or%20scan%20QR%29%20and%20our%201-tap%20assistant%20drafts%20a%205-star%20review%20in%202%20seconds.%0A2.%20If%20someone%20had%20an%20issue%2C%20it%20routes%20feedback%20privately%20to%20your%20WhatsApp%20so%20you%20can%20fix%20it%20on%20the%20spot%20before%20a%201-star%20review%20goes%20public.%0A%0AI%20pre-programmed%20a%2010-second%20interactive%20digital%20simulation%20of%20your%20custom%20standee%20here%20so%20you%20can%20test%20it%20on%20your%20phone%3A%0A%F0%9F%91%89%20https%3A%2F%2Freputetap.github.io%2F%3Fid%3Dthe-detailing-mafia%0A%0A%F0%9F%94%A5%20VADODARA%20LAUNCH%20PROMO%3A%20We%20are%20delivering%202%20custom-branded%20standees%20with%20your%20logo%20for%20just%20%E2%82%B9299%20%28Regular%20%E2%82%B92%2C999%29%20for%20our%20first%20100%20partner%20venues%21%0A%0AWould%20you%20like%20us%20to%20drop%20off%20a%20sample%20set%20at%20your%20counter%20this%20week%3F,Pending (Target: 100 Sprints),,
52,Ceramic Pro Vadodara,Car Care,"Gotri, Vadodara",+919825123489,Ultra-high ticket paint protection studio,https://reputetap.github.io/?id=ceramic-pro-vadodara,https://wa.me/919825123489?text=Hi%20Ceramic%20Pro%20Vadodara%20Team%21%20%F0%9F%91%8B%20Quick%2010-second%20message%20from%20Vadodara%3A%0A%0AWe%20are%20manufacturing%20custom%20laser-cut%20acrylic%20NFC%20counter%20standees%20for%20local%20businesses%20in%20Vadodara%20to%20solve%20checkout%20review%20friction.%0A%0ARight%20now%2C%2090%25%2B%20of%20happy%20visitors%20at%20Ceramic%20Pro%20Vadodara%20walk%20out%20without%20reviewing%20on%20Google%20because%20searching%20and%20typing%20takes%20too%20long.%20With%20this%20standee%20on%20your%20billing%20counter%3A%0A1.%20Customers%20tap%20their%20phone%20%28or%20scan%20QR%29%20and%20our%201-tap%20assistant%20drafts%20a%205-star%20review%20in%202%20seconds.%0A2.%20If%20someone%20had%20an%20issue%2C%20it%20routes%20feedback%20privately%20to%20your%20WhatsApp%20so%20you%20can%20fix%20it%20on%20the%20spot%20before%20a%201-star%20review%20goes%20public.%0A%0AI%20pre-programmed%20a%2010-second%20interactive%20digital%20simulation%20of%20your%20custom%20standee%20here%20so%20you%20can%20test%20it%20on%20your%20phone%3A%0A%F0%9F%91%89%20https%3A%2F%2Freputetap.github.io%2F%3Fid%3Dceramic-pro-vadodara%0A%0A%F0%9F%94%A5%20VADODARA%20LAUNCH%20PROMO%3A%20We%20are%20delivering%202%20custom-branded%20standees%20with%20your%20logo%20for%20just%20%E2%82%B9299%20%28Regular%20%E2%82%B92%2C999%29%20for%20our%20first%20100%20partner%20venues%21%0A%0AWould%20you%20like%20us%20to%20drop%20off%20a%20sample%20set%20at%20your%20counter%20this%20week%3F,Pending (Target: 100 Sprints),,
53,Express Car Wash,Car Care,"Alkapuri, Vadodara",+919825123490,Rapid counter turnover auto wash needing instant tap conversion,https://reputetap.github.io/?id=express-car-wash,https://wa.me/919825123490?text=Hi%20Express%20Car%20Wash%20Team%21%20%F0%9F%91%8B%20Quick%2010-second%20message%20from%20Vadodara%3A%0A%0AWe%20are%20manufacturing%20custom%20laser-cut%20acrylic%20NFC%20counter%20standees%20for%20local%20businesses%20in%20Vadodara%20to%20solve%20checkout%20review%20friction.%0A%0ARight%20now%2C%2090%25%2B%20of%20happy%20visitors%20at%20Express%20Car%20Wash%20walk%20out%20without%20reviewing%20on%20Google%20because%20searching%20and%20typing%20takes%20too%20long.%20With%20this%20standee%20on%20your%20billing%20counter%3A%0A1.%20Customers%20tap%20their%20phone%20%28or%20scan%20QR%29%20and%20our%201-tap%20assistant%20drafts%20a%205-star%20review%20in%202%20seconds.%0A2.%20If%20someone%20had%20an%20issue%2C%20it%20routes%20feedback%20privately%20to%20your%20WhatsApp%20so%20you%20can%20fix%20it%20on%20the%20spot%20before%20a%201-star%20review%20goes%20public.%0A%0AI%20pre-programmed%20a%2010-second%20interactive%20digital%20simulation%20of%20your%20custom%20standee%20here%20so%20you%20can%20test%20it%20on%20your%20phone%3A%0A%F0%9F%91%89%20https%3A%2F%2Freputetap.github.io%2F%3Fid%3Dexpress-car-wash%0A%0A%F0%9F%94%A5%20VADODARA%20LAUNCH%20PROMO%3A%20We%20are%20delivering%202%20custom-branded%20standees%20with%20your%20logo%20for%20just%20%E2%82%B9299%20%28Regular%20%E2%82%B92%2C999%29%20for%20our%20first%20100%20partner%20venues%21%0A%0AWould%20you%20like%20us%20to%20drop%20off%20a%20sample%20set%20at%20your%20counter%20this%20week%3F,Pending (Target: 100 Sprints),,
54,3M Car Care,Car Care,"Akota, Vadodara",+919825123491,Corporate auto care center with strict customer CSAT audits,https://reputetap.github.io/?id=3m-car-care,https://wa.me/919825123491?text=Hi%203M%20Car%20Care%20Team%21%20%F0%9F%91%8B%20Quick%2010-second%20message%20from%20Vadodara%3A%0A%0AWe%20are%20manufacturing%20custom%20laser-cut%20acrylic%20NFC%20counter%20standees%20for%20local%20businesses%20in%20Vadodara%20to%20solve%20checkout%20review%20friction.%0A%0ARight%20now%2C%2090%25%2B%20of%20happy%20visitors%20at%203M%20Car%20Care%20walk%20out%20without%20reviewing%20on%20Google%20because%20searching%20and%20typing%20takes%20too%20long.%20With%20this%20standee%20on%20your%20billing%20counter%3A%0A1.%20Customers%20tap%20their%20phone%20%28or%20scan%20QR%29%20and%20our%201-tap%20assistant%20drafts%20a%205-star%20review%20in%202%20seconds.%0A2.%20If%20someone%20had%20an%20issue%2C%20it%20routes%20feedback%20privately%20to%20your%20WhatsApp%20so%20you%20can%20fix%20it%20on%20the%20spot%20before%20a%201-star%20review%20goes%20public.%0A%0AI%20pre-programmed%20a%2010-second%20interactive%20digital%20simulation%20of%20your%20custom%20standee%20here%20so%20you%20can%20test%20it%20on%20your%20phone%3A%0A%F0%9F%91%89%20https%3A%2F%2Freputetap.github.io%2F%3Fid%3D3m-car-care%0A%0A%F0%9F%94%A5%20VADODARA%20LAUNCH%20PROMO%3A%20We%20are%20delivering%202%20custom-branded%20standees%20with%20your%20logo%20for%20just%20%E2%82%B9299%20%28Regular%20%E2%82%B92%2C999%29%20for%20our%20first%20100%20partner%20venues%21%0A%0AWould%20you%20like%20us%20to%20drop%20off%20a%20sample%20set%20at%20your%20counter%20this%20week%3F,Pending (Target: 100 Sprints),,
55,Speed Car Wash,Car Care,"Manjalpur, Vadodara",+919825123492,High-volume retail car spa with waiting lounge checkout,https://reputetap.github.io/?id=speed-car-wash,https://wa.me/919825123492?text=Hi%20Speed%20Car%20Wash%20Team%21%20%F0%9F%91%8B%20Quick%2010-second%20message%20from%20Vadodara%3A%0A%0AWe%20are%20manufacturing%20custom%20laser-cut%20acrylic%20NFC%20counter%20standees%20for%20local%20businesses%20in%20Vadodara%20to%20solve%20checkout%20review%20friction.%0A%0ARight%20now%2C%2090%25%2B%20of%20happy%20visitors%20at%20Speed%20Car%20Wash%20walk%20out%20without%20reviewing%20on%20Google%20because%20searching%20and%20typing%20takes%20too%20long.%20With%20this%20standee%20on%20your%20billing%20counter%3A%0A1.%20Customers%20tap%20their%20phone%20%28or%20scan%20QR%29%20and%20our%201-tap%20assistant%20drafts%20a%205-star%20review%20in%202%20seconds.%0A2.%20If%20someone%20had%20an%20issue%2C%20it%20routes%20feedback%20privately%20to%20your%20WhatsApp%20so%20you%20can%20fix%20it%20on%20the%20spot%20before%20a%201-star%20review%20goes%20public.%0A%0AI%20pre-programmed%20a%2010-second%20interactive%20digital%20simulation%20of%20your%20custom%20standee%20here%20so%20you%20can%20test%20it%20on%20your%20phone%3A%0A%F0%9F%91%89%20https%3A%2F%2Freputetap.github.io%2F%3Fid%3Dspeed-car-wash%0A%0A%F0%9F%94%A5%20VADODARA%20LAUNCH%20PROMO%3A%20We%20are%20delivering%202%20custom-branded%20standees%20with%20your%20logo%20for%20just%20%E2%82%B9299%20%28Regular%20%E2%82%B92%2C999%29%20for%20our%20first%20100%20partner%20venues%21%0A%0AWould%20you%20like%20us%20to%20drop%20off%20a%20sample%20set%20at%20your%20counter%20this%20week%3F,Pending (Target: 100 Sprints),,
56,Autoshine Detailing Studio,Car Care,"Sevasi, Vadodara",+919825123493,Luxury SUV and performance vehicle aesthetic studio,https://reputetap.github.io/?id=autoshine-detailing-studio,https://wa.me/919825123493?text=Hi%20Autoshine%20Detailing%20Studio%20Team%21%20%F0%9F%91%8B%20Quick%2010-second%20message%20from%20Vadodara%3A%0A%0AWe%20are%20manufacturing%20custom%20laser-cut%20acrylic%20NFC%20counter%20standees%20for%20local%20businesses%20in%20Vadodara%20to%20solve%20checkout%20review%20friction.%0A%0ARight%20now%2C%2090%25%2B%20of%20happy%20visitors%20at%20Autoshine%20Detailing%20Studio%20walk%20out%20without%20reviewing%20on%20Google%20because%20searching%20and%20typing%20takes%20too%20long.%20With%20this%20standee%20on%20your%20billing%20counter%3A%0A1.%20Customers%20tap%20their%20phone%20%28or%20scan%20QR%29%20and%20our%201-tap%20assistant%20drafts%20a%205-star%20review%20in%202%20seconds.%0A2.%20If%20someone%20had%20an%20issue%2C%20it%20routes%20feedback%20privately%20to%20your%20WhatsApp%20so%20you%20can%20fix%20it%20on%20the%20spot%20before%20a%201-star%20review%20goes%20public.%0A%0AI%20pre-programmed%20a%2010-second%20interactive%20digital%20simulation%20of%20your%20custom%20standee%20here%20so%20you%20can%20test%20it%20on%20your%20phone%3A%0A%F0%9F%91%89%20https%3A%2F%2Freputetap.github.io%2F%3Fid%3Dautoshine-detailing-studio%0A%0A%F0%9F%94%A5%20VADODARA%20LAUNCH%20PROMO%3A%20We%20are%20delivering%202%20custom-branded%20standees%20with%20your%20logo%20for%20just%20%E2%82%B9299%20%28Regular%20%E2%82%B92%2C999%29%20for%20our%20first%20100%20partner%20venues%21%0A%0AWould%20you%20like%20us%20to%20drop%20off%20a%20sample%20set%20at%20your%20counter%20this%20week%3F,Pending (Target: 100 Sprints),,
57,MotoClean Studio,Car Care,"Vasna, Vadodara",+919825123494,Detailing shop with dedicated superbike and car bays,https://reputetap.github.io/?id=motoclean-studio,https://wa.me/919825123494?text=Hi%20MotoClean%20Studio%20Team%21%20%F0%9F%91%8B%20Quick%2010-second%20message%20from%20Vadodara%3A%0A%0AWe%20are%20manufacturing%20custom%20laser-cut%20acrylic%20NFC%20counter%20standees%20for%20local%20businesses%20in%20Vadodara%20to%20solve%20checkout%20review%20friction.%0A%0ARight%20now%2C%2090%25%2B%20of%20happy%20visitors%20at%20MotoClean%20Studio%20walk%20out%20without%20reviewing%20on%20Google%20because%20searching%20and%20typing%20takes%20too%20long.%20With%20this%20standee%20on%20your%20billing%20counter%3A%0A1.%20Customers%20tap%20their%20phone%20%28or%20scan%20QR%29%20and%20our%201-tap%20assistant%20drafts%20a%205-star%20review%20in%202%20seconds.%0A2.%20If%20someone%20had%20an%20issue%2C%20it%20routes%20feedback%20privately%20to%20your%20WhatsApp%20so%20you%20can%20fix%20it%20on%20the%20spot%20before%20a%201-star%20review%20goes%20public.%0A%0AI%20pre-programmed%20a%2010-second%20interactive%20digital%20simulation%20of%20your%20custom%20standee%20here%20so%20you%20can%20test%20it%20on%20your%20phone%3A%0A%F0%9F%91%89%20https%3A%2F%2Freputetap.github.io%2F%3Fid%3Dmotoclean-studio%0A%0A%F0%9F%94%A5%20VADODARA%20LAUNCH%20PROMO%3A%20We%20are%20delivering%202%20custom-branded%20standees%20with%20your%20logo%20for%20just%20%E2%82%B9299%20%28Regular%20%E2%82%B92%2C999%29%20for%20our%20first%20100%20partner%20venues%21%0A%0AWould%20you%20like%20us%20to%20drop%20off%20a%20sample%20set%20at%20your%20counter%20this%20week%3F,Pending (Target: 100 Sprints),,
58,Torque Detailing Hub,Car Care,"Bhayli, Vadodara",+919825123495,New luxury vehicle care workshop in affluent residential belt,https://reputetap.github.io/?id=torque-detailing-hub,https://wa.me/919825123495?text=Hi%20Torque%20Detailing%20Hub%20Team%21%20%F0%9F%91%8B%20Quick%2010-second%20message%20from%20Vadodara%3A%0A%0AWe%20are%20manufacturing%20custom%20laser-cut%20acrylic%20NFC%20counter%20standees%20for%20local%20businesses%20in%20Vadodara%20to%20solve%20checkout%20review%20friction.%0A%0ARight%20now%2C%2090%25%2B%20of%20happy%20visitors%20at%20Torque%20Detailing%20Hub%20walk%20out%20without%20reviewing%20on%20Google%20because%20searching%20and%20typing%20takes%20too%20long.%20With%20this%20standee%20on%20your%20billing%20counter%3A%0A1.%20Customers%20tap%20their%20phone%20%28or%20scan%20QR%29%20and%20our%201-tap%20assistant%20drafts%20a%205-star%20review%20in%202%20seconds.%0A2.%20If%20someone%20had%20an%20issue%2C%20it%20routes%20feedback%20privately%20to%20your%20WhatsApp%20so%20you%20can%20fix%20it%20on%20the%20spot%20before%20a%201-star%20review%20goes%20public.%0A%0AI%20pre-programmed%20a%2010-second%20interactive%20digital%20simulation%20of%20your%20custom%20standee%20here%20so%20you%20can%20test%20it%20on%20your%20phone%3A%0A%F0%9F%91%89%20https%3A%2F%2Freputetap.github.io%2F%3Fid%3Dtorque-detailing-hub%0A%0A%F0%9F%94%A5%20VADODARA%20LAUNCH%20PROMO%3A%20We%20are%20delivering%202%20custom-branded%20standees%20with%20your%20logo%20for%20just%20%E2%82%B9299%20%28Regular%20%E2%82%B92%2C999%29%20for%20our%20first%20100%20partner%20venues%21%0A%0AWould%20you%20like%20us%20to%20drop%20off%20a%20sample%20set%20at%20your%20counter%20this%20week%3F,Pending (Target: 100 Sprints),,
59,Gloss Autoworks,Car Care,"Sama-Savli Rd, Vadodara",+919825123496,PPF and color change wrap specialist,https://reputetap.github.io/?id=gloss-autoworks,https://wa.me/919825123496?text=Hi%20Gloss%20Autoworks%20Team%21%20%F0%9F%91%8B%20Quick%2010-second%20message%20from%20Vadodara%3A%0A%0AWe%20are%20manufacturing%20custom%20laser-cut%20acrylic%20NFC%20counter%20standees%20for%20local%20businesses%20in%20Vadodara%20to%20solve%20checkout%20review%20friction.%0A%0ARight%20now%2C%2090%25%2B%20of%20happy%20visitors%20at%20Gloss%20Autoworks%20walk%20out%20without%20reviewing%20on%20Google%20because%20searching%20and%20typing%20takes%20too%20long.%20With%20this%20standee%20on%20your%20billing%20counter%3A%0A1.%20Customers%20tap%20their%20phone%20%28or%20scan%20QR%29%20and%20our%201-tap%20assistant%20drafts%20a%205-star%20review%20in%202%20seconds.%0A2.%20If%20someone%20had%20an%20issue%2C%20it%20routes%20feedback%20privately%20to%20your%20WhatsApp%20so%20you%20can%20fix%20it%20on%20the%20spot%20before%20a%201-star%20review%20goes%20public.%0A%0AI%20pre-programmed%20a%2010-second%20interactive%20digital%20simulation%20of%20your%20custom%20standee%20here%20so%20you%20can%20test%20it%20on%20your%20phone%3A%0A%F0%9F%91%89%20https%3A%2F%2Freputetap.github.io%2F%3Fid%3Dgloss-autoworks%0A%0A%F0%9F%94%A5%20VADODARA%20LAUNCH%20PROMO%3A%20We%20are%20delivering%202%20custom-branded%20standees%20with%20your%20logo%20for%20just%20%E2%82%B9299%20%28Regular%20%E2%82%B92%2C999%29%20for%20our%20first%20100%20partner%20venues%21%0A%0AWould%20you%20like%20us%20to%20drop%20off%20a%20sample%20set%20at%20your%20counter%20this%20week%3F,Pending (Target: 100 Sprints),,
60,CarzSpa Vadodara,Car Care,"Karelibaug, Vadodara",+919825123497,Pioneer detailing franchise with established brand equity,https://reputetap.github.io/?id=carzspa-vadodara,https://wa.me/919825123497?text=Hi%20CarzSpa%20Vadodara%20Team%21%20%F0%9F%91%8B%20Quick%2010-second%20message%20from%20Vadodara%3A%0A%0AWe%20are%20manufacturing%20custom%20laser-cut%20acrylic%20NFC%20counter%20standees%20for%20local%20businesses%20in%20Vadodara%20to%20solve%20checkout%20review%20friction.%0A%0ARight%20now%2C%2090%25%2B%20of%20happy%20visitors%20at%20CarzSpa%20Vadodara%20walk%20out%20without%20reviewing%20on%20Google%20because%20searching%20and%20typing%20takes%20too%20long.%20With%20this%20standee%20on%20your%20billing%20counter%3A%0A1.%20Customers%20tap%20their%20phone%20%28or%20scan%20QR%29%20and%20our%201-tap%20assistant%20drafts%20a%205-star%20review%20in%202%20seconds.%0A2.%20If%20someone%20had%20an%20issue%2C%20it%20routes%20feedback%20privately%20to%20your%20WhatsApp%20so%20you%20can%20fix%20it%20on%20the%20spot%20before%20a%201-star%20review%20goes%20public.%0A%0AI%20pre-programmed%20a%2010-second%20interactive%20digital%20simulation%20of%20your%20custom%20standee%20here%20so%20you%20can%20test%20it%20on%20your%20phone%3A%0A%F0%9F%91%89%20https%3A%2F%2Freputetap.github.io%2F%3Fid%3Dcarzspa-vadodara%0A%0A%F0%9F%94%A5%20VADODARA%20LAUNCH%20PROMO%3A%20We%20are%20delivering%202%20custom-branded%20standees%20with%20your%20logo%20for%20just%20%E2%82%B9299%20%28Regular%20%E2%82%B92%2C999%29%20for%20our%20first%20100%20partner%20venues%21%0A%0AWould%20you%20like%20us%20to%20drop%20off%20a%20sample%20set%20at%20your%20counter%20this%20week%3F,Pending (Target: 100 Sprints),,
61,Prime Auto Detailing,Car Care,"Waghodia Rd, Vadodara",+919825123498,Commercial and personal fleet detailing center,https://reputetap.github.io/?id=prime-auto-detailing,https://wa.me/919825123498?text=Hi%20Prime%20Auto%20Detailing%20Team%21%20%F0%9F%91%8B%20Quick%2010-second%20message%20from%20Vadodara%3A%0A%0AWe%20are%20manufacturing%20custom%20laser-cut%20acrylic%20NFC%20counter%20standees%20for%20local%20businesses%20in%20Vadodara%20to%20solve%20checkout%20review%20friction.%0A%0ARight%20now%2C%2090%25%2B%20of%20happy%20visitors%20at%20Prime%20Auto%20Detailing%20walk%20out%20without%20reviewing%20on%20Google%20because%20searching%20and%20typing%20takes%20too%20long.%20With%20this%20standee%20on%20your%20billing%20counter%3A%0A1.%20Customers%20tap%20their%20phone%20%28or%20scan%20QR%29%20and%20our%201-tap%20assistant%20drafts%20a%205-star%20review%20in%202%20seconds.%0A2.%20If%20someone%20had%20an%20issue%2C%20it%20routes%20feedback%20privately%20to%20your%20WhatsApp%20so%20you%20can%20fix%20it%20on%20the%20spot%20before%20a%201-star%20review%20goes%20public.%0A%0AI%20pre-programmed%20a%2010-second%20interactive%20digital%20simulation%20of%20your%20custom%20standee%20here%20so%20you%20can%20test%20it%20on%20your%20phone%3A%0A%F0%9F%91%89%20https%3A%2F%2Freputetap.github.io%2F%3Fid%3Dprime-auto-detailing%0A%0A%F0%9F%94%A5%20VADODARA%20LAUNCH%20PROMO%3A%20We%20are%20delivering%202%20custom-branded%20standees%20with%20your%20logo%20for%20just%20%E2%82%B9299%20%28Regular%20%E2%82%B92%2C999%29%20for%20our%20first%20100%20partner%20venues%21%0A%0AWould%20you%20like%20us%20to%20drop%20off%20a%20sample%20set%20at%20your%20counter%20this%20week%3F,Pending (Target: 100 Sprints),,
62,The Car Lounge,Car Care,"Gotri, Vadodara",+919825123499,Automotive accessories and interior steam-cleaning center,https://reputetap.github.io/?id=the-car-lounge,https://wa.me/919825123499?text=Hi%20The%20Car%20Lounge%20Team%21%20%F0%9F%91%8B%20Quick%2010-second%20message%20from%20Vadodara%3A%0A%0AWe%20are%20manufacturing%20custom%20laser-cut%20acrylic%20NFC%20counter%20standees%20for%20local%20businesses%20in%20Vadodara%20to%20solve%20checkout%20review%20friction.%0A%0ARight%20now%2C%2090%25%2B%20of%20happy%20visitors%20at%20The%20Car%20Lounge%20walk%20out%20without%20reviewing%20on%20Google%20because%20searching%20and%20typing%20takes%20too%20long.%20With%20this%20standee%20on%20your%20billing%20counter%3A%0A1.%20Customers%20tap%20their%20phone%20%28or%20scan%20QR%29%20and%20our%201-tap%20assistant%20drafts%20a%205-star%20review%20in%202%20seconds.%0A2.%20If%20someone%20had%20an%20issue%2C%20it%20routes%20feedback%20privately%20to%20your%20WhatsApp%20so%20you%20can%20fix%20it%20on%20the%20spot%20before%20a%201-star%20review%20goes%20public.%0A%0AI%20pre-programmed%20a%2010-second%20interactive%20digital%20simulation%20of%20your%20custom%20standee%20here%20so%20you%20can%20test%20it%20on%20your%20phone%3A%0A%F0%9F%91%89%20https%3A%2F%2Freputetap.github.io%2F%3Fid%3Dthe-car-lounge%0A%0A%F0%9F%94%A5%20VADODARA%20LAUNCH%20PROMO%3A%20We%20are%20delivering%202%20custom-branded%20standees%20with%20your%20logo%20for%20just%20%E2%82%B9299%20%28Regular%20%E2%82%B92%2C999%29%20for%20our%20first%20100%20partner%20venues%21%0A%0AWould%20you%20like%20us%20to%20drop%20off%20a%20sample%20set%20at%20your%20counter%20this%20week%3F,Pending (Target: 100 Sprints),,
63,Pitstop Car Spa,Car Care,"Atladara, Vadodara",+919825123500,Rapid underbody wash and quick detailing bay,https://reputetap.github.io/?id=pitstop-car-spa,https://wa.me/919825123500?text=Hi%20Pitstop%20Car%20Spa%20Team%21%20%F0%9F%91%8B%20Quick%2010-second%20message%20from%20Vadodara%3A%0A%0AWe%20are%20manufacturing%20custom%20laser-cut%20acrylic%20NFC%20counter%20standees%20for%20local%20businesses%20in%20Vadodara%20to%20solve%20checkout%20review%20friction.%0A%0ARight%20now%2C%2090%25%2B%20of%20happy%20visitors%20at%20Pitstop%20Car%20Spa%20walk%20out%20without%20reviewing%20on%20Google%20because%20searching%20and%20typing%20takes%20too%20long.%20With%20this%20standee%20on%20your%20billing%20counter%3A%0A1.%20Customers%20tap%20their%20phone%20%28or%20scan%20QR%29%20and%20our%201-tap%20assistant%20drafts%20a%205-star%20review%20in%202%20seconds.%0A2.%20If%20someone%20had%20an%20issue%2C%20it%20routes%20feedback%20privately%20to%20your%20WhatsApp%20so%20you%20can%20fix%20it%20on%20the%20spot%20before%20a%201-star%20review%20goes%20public.%0A%0AI%20pre-programmed%20a%2010-second%20interactive%20digital%20simulation%20of%20your%20custom%20standee%20here%20so%20you%20can%20test%20it%20on%20your%20phone%3A%0A%F0%9F%91%89%20https%3A%2F%2Freputetap.github.io%2F%3Fid%3Dpitstop-car-spa%0A%0A%F0%9F%94%A5%20VADODARA%20LAUNCH%20PROMO%3A%20We%20are%20delivering%202%20custom-branded%20standees%20with%20your%20logo%20for%20just%20%E2%82%B9299%20%28Regular%20%E2%82%B92%2C999%29%20for%20our%20first%20100%20partner%20venues%21%0A%0AWould%20you%20like%20us%20to%20drop%20off%20a%20sample%20set%20at%20your%20counter%20this%20week%3F,Pending (Target: 100 Sprints),,
64,Royal Touch Car Care,Car Care,"Fatehgunj, Vadodara",+919825123501,Longstanding auto workshop transitioning to detailing,https://reputetap.github.io/?id=royal-touch-car-care,https://wa.me/919825123501?text=Hi%20Royal%20Touch%20Car%20Care%20Team%21%20%F0%9F%91%8B%20Quick%2010-second%20message%20from%20Vadodara%3A%0A%0AWe%20are%20manufacturing%20custom%20laser-cut%20acrylic%20NFC%20counter%20standees%20for%20local%20businesses%20in%20Vadodara%20to%20solve%20checkout%20review%20friction.%0A%0ARight%20now%2C%2090%25%2B%20of%20happy%20visitors%20at%20Royal%20Touch%20Car%20Care%20walk%20out%20without%20reviewing%20on%20Google%20because%20searching%20and%20typing%20takes%20too%20long.%20With%20this%20standee%20on%20your%20billing%20counter%3A%0A1.%20Customers%20tap%20their%20phone%20%28or%20scan%20QR%29%20and%20our%201-tap%20assistant%20drafts%20a%205-star%20review%20in%202%20seconds.%0A2.%20If%20someone%20had%20an%20issue%2C%20it%20routes%20feedback%20privately%20to%20your%20WhatsApp%20so%20you%20can%20fix%20it%20on%20the%20spot%20before%20a%201-star%20review%20goes%20public.%0A%0AI%20pre-programmed%20a%2010-second%20interactive%20digital%20simulation%20of%20your%20custom%20standee%20here%20so%20you%20can%20test%20it%20on%20your%20phone%3A%0A%F0%9F%91%89%20https%3A%2F%2Freputetap.github.io%2F%3Fid%3Droyal-touch-car-care%0A%0A%F0%9F%94%A5%20VADODARA%20LAUNCH%20PROMO%3A%20We%20are%20delivering%202%20custom-branded%20standees%20with%20your%20logo%20for%20just%20%E2%82%B9299%20%28Regular%20%E2%82%B92%2C999%29%20for%20our%20first%20100%20partner%20venues%21%0A%0AWould%20you%20like%20us%20to%20drop%20off%20a%20sample%20set%20at%20your%20counter%20this%20week%3F,Pending (Target: 100 Sprints),,
65,Revive Auto Detailing,Car Care,"Subhanpura, Vadodara",+919825123502,Interior stain removal and paint correction hub,https://reputetap.github.io/?id=revive-auto-detailing,https://wa.me/919825123502?text=Hi%20Revive%20Auto%20Detailing%20Team%21%20%F0%9F%91%8B%20Quick%2010-second%20message%20from%20Vadodara%3A%0A%0AWe%20are%20manufacturing%20custom%20laser-cut%20acrylic%20NFC%20counter%20standees%20for%20local%20businesses%20in%20Vadodara%20to%20solve%20checkout%20review%20friction.%0A%0ARight%20now%2C%2090%25%2B%20of%20happy%20visitors%20at%20Revive%20Auto%20Detailing%20walk%20out%20without%20reviewing%20on%20Google%20because%20searching%20and%20typing%20takes%20too%20long.%20With%20this%20standee%20on%20your%20billing%20counter%3A%0A1.%20Customers%20tap%20their%20phone%20%28or%20scan%20QR%29%20and%20our%201-tap%20assistant%20drafts%20a%205-star%20review%20in%202%20seconds.%0A2.%20If%20someone%20had%20an%20issue%2C%20it%20routes%20feedback%20privately%20to%20your%20WhatsApp%20so%20you%20can%20fix%20it%20on%20the%20spot%20before%20a%201-star%20review%20goes%20public.%0A%0AI%20pre-programmed%20a%2010-second%20interactive%20digital%20simulation%20of%20your%20custom%20standee%20here%20so%20you%20can%20test%20it%20on%20your%20phone%3A%0A%F0%9F%91%89%20https%3A%2F%2Freputetap.github.io%2F%3Fid%3Drevive-auto-detailing%0A%0A%F0%9F%94%A5%20VADODARA%20LAUNCH%20PROMO%3A%20We%20are%20delivering%202%20custom-branded%20standees%20with%20your%20logo%20for%20just%20%E2%82%B9299%20%28Regular%20%E2%82%B92%2C999%29%20for%20our%20first%20100%20partner%20venues%21%0A%0AWould%20you%20like%20us%20to%20drop%20off%20a%20sample%20set%20at%20your%20counter%20this%20week%3F,Pending (Target: 100 Sprints),,
66,ShieldPro Detailing,Car Care,"Alkapuri, Vadodara",+919825123503,Boutique studio handling imported German automobiles,https://reputetap.github.io/?id=shieldpro-detailing,https://wa.me/919825123503?text=Hi%20ShieldPro%20Detailing%20Team%21%20%F0%9F%91%8B%20Quick%2010-second%20message%20from%20Vadodara%3A%0A%0AWe%20are%20manufacturing%20custom%20laser-cut%20acrylic%20NFC%20counter%20standees%20for%20local%20businesses%20in%20Vadodara%20to%20solve%20checkout%20review%20friction.%0A%0ARight%20now%2C%2090%25%2B%20of%20happy%20visitors%20at%20ShieldPro%20Detailing%20walk%20out%20without%20reviewing%20on%20Google%20because%20searching%20and%20typing%20takes%20too%20long.%20With%20this%20standee%20on%20your%20billing%20counter%3A%0A1.%20Customers%20tap%20their%20phone%20%28or%20scan%20QR%29%20and%20our%201-tap%20assistant%20drafts%20a%205-star%20review%20in%202%20seconds.%0A2.%20If%20someone%20had%20an%20issue%2C%20it%20routes%20feedback%20privately%20to%20your%20WhatsApp%20so%20you%20can%20fix%20it%20on%20the%20spot%20before%20a%201-star%20review%20goes%20public.%0A%0AI%20pre-programmed%20a%2010-second%20interactive%20digital%20simulation%20of%20your%20custom%20standee%20here%20so%20you%20can%20test%20it%20on%20your%20phone%3A%0A%F0%9F%91%89%20https%3A%2F%2Freputetap.github.io%2F%3Fid%3Dshieldpro-detailing%0A%0A%F0%9F%94%A5%20VADODARA%20LAUNCH%20PROMO%3A%20We%20are%20delivering%202%20custom-branded%20standees%20with%20your%20logo%20for%20just%20%E2%82%B9299%20%28Regular%20%E2%82%B92%2C999%29%20for%20our%20first%20100%20partner%20venues%21%0A%0AWould%20you%20like%20us%20to%20drop%20off%20a%20sample%20set%20at%20your%20counter%20this%20week%3F,Pending (Target: 100 Sprints),,
67,AutoGleam Car Wash,Car Care,"Harni, Vadodara",+919825123504,Modern conveyor wash counter,https://reputetap.github.io/?id=autogleam-car-wash,https://wa.me/919825123504?text=Hi%20AutoGleam%20Car%20Wash%20Team%21%20%F0%9F%91%8B%20Quick%2010-second%20message%20from%20Vadodara%3A%0A%0AWe%20are%20manufacturing%20custom%20laser-cut%20acrylic%20NFC%20counter%20standees%20for%20local%20businesses%20in%20Vadodara%20to%20solve%20checkout%20review%20friction.%0A%0ARight%20now%2C%2090%25%2B%20of%20happy%20visitors%20at%20AutoGleam%20Car%20Wash%20walk%20out%20without%20reviewing%20on%20Google%20because%20searching%20and%20typing%20takes%20too%20long.%20With%20this%20standee%20on%20your%20billing%20counter%3A%0A1.%20Customers%20tap%20their%20phone%20%28or%20scan%20QR%29%20and%20our%201-tap%20assistant%20drafts%20a%205-star%20review%20in%202%20seconds.%0A2.%20If%20someone%20had%20an%20issue%2C%20it%20routes%20feedback%20privately%20to%20your%20WhatsApp%20so%20you%20can%20fix%20it%20on%20the%20spot%20before%20a%201-star%20review%20goes%20public.%0A%0AI%20pre-programmed%20a%2010-second%20interactive%20digital%20simulation%20of%20your%20custom%20standee%20here%20so%20you%20can%20test%20it%20on%20your%20phone%3A%0A%F0%9F%91%89%20https%3A%2F%2Freputetap.github.io%2F%3Fid%3Dautogleam-car-wash%0A%0A%F0%9F%94%A5%20VADODARA%20LAUNCH%20PROMO%3A%20We%20are%20delivering%202%20custom-branded%20standees%20with%20your%20logo%20for%20just%20%E2%82%B9299%20%28Regular%20%E2%82%B92%2C999%29%20for%20our%20first%20100%20partner%20venues%21%0A%0AWould%20you%20like%20us%20to%20drop%20off%20a%20sample%20set%20at%20your%20counter%20this%20week%3F,Pending (Target: 100 Sprints),,
68,Urban Auto Spa,Car Care,"Gorwa, Vadodara",+919825123505,Neighborhood detailing and glass treatment studio,https://reputetap.github.io/?id=urban-auto-spa,https://wa.me/919825123505?text=Hi%20Urban%20Auto%20Spa%20Team%21%20%F0%9F%91%8B%20Quick%2010-second%20message%20from%20Vadodara%3A%0A%0AWe%20are%20manufacturing%20custom%20laser-cut%20acrylic%20NFC%20counter%20standees%20for%20local%20businesses%20in%20Vadodara%20to%20solve%20checkout%20review%20friction.%0A%0ARight%20now%2C%2090%25%2B%20of%20happy%20visitors%20at%20Urban%20Auto%20Spa%20walk%20out%20without%20reviewing%20on%20Google%20because%20searching%20and%20typing%20takes%20too%20long.%20With%20this%20standee%20on%20your%20billing%20counter%3A%0A1.%20Customers%20tap%20their%20phone%20%28or%20scan%20QR%29%20and%20our%201-tap%20assistant%20drafts%20a%205-star%20review%20in%202%20seconds.%0A2.%20If%20someone%20had%20an%20issue%2C%20it%20routes%20feedback%20privately%20to%20your%20WhatsApp%20so%20you%20can%20fix%20it%20on%20the%20spot%20before%20a%201-star%20review%20goes%20public.%0A%0AI%20pre-programmed%20a%2010-second%20interactive%20digital%20simulation%20of%20your%20custom%20standee%20here%20so%20you%20can%20test%20it%20on%20your%20phone%3A%0A%F0%9F%91%89%20https%3A%2F%2Freputetap.github.io%2F%3Fid%3Durban-auto-spa%0A%0A%F0%9F%94%A5%20VADODARA%20LAUNCH%20PROMO%3A%20We%20are%20delivering%202%20custom-branded%20standees%20with%20your%20logo%20for%20just%20%E2%82%B9299%20%28Regular%20%E2%82%B92%2C999%29%20for%20our%20first%20100%20partner%20venues%21%0A%0AWould%20you%20like%20us%20to%20drop%20off%20a%20sample%20set%20at%20your%20counter%20this%20week%3F,Pending (Target: 100 Sprints),,
69,Apex Ceramic Lab,Car Care,"Makarba, Ahmedabad",+919825123506,High-volume luxury vehicle ceramic coating workshop,https://reputetap.github.io/?id=apex-ceramic-lab,https://wa.me/919825123506?text=Hi%20Apex%20Ceramic%20Lab%20Team%21%20%F0%9F%91%8B%20Quick%2010-second%20message%20from%20Vadodara%3A%0A%0AWe%20are%20manufacturing%20custom%20laser-cut%20acrylic%20NFC%20counter%20standees%20for%20local%20businesses%20in%20Vadodara%20to%20solve%20checkout%20review%20friction.%0A%0ARight%20now%2C%2090%25%2B%20of%20happy%20visitors%20at%20Apex%20Ceramic%20Lab%20walk%20out%20without%20reviewing%20on%20Google%20because%20searching%20and%20typing%20takes%20too%20long.%20With%20this%20standee%20on%20your%20billing%20counter%3A%0A1.%20Customers%20tap%20their%20phone%20%28or%20scan%20QR%29%20and%20our%201-tap%20assistant%20drafts%20a%205-star%20review%20in%202%20seconds.%0A2.%20If%20someone%20had%20an%20issue%2C%20it%20routes%20feedback%20privately%20to%20your%20WhatsApp%20so%20you%20can%20fix%20it%20on%20the%20spot%20before%20a%201-star%20review%20goes%20public.%0A%0AI%20pre-programmed%20a%2010-second%20interactive%20digital%20simulation%20of%20your%20custom%20standee%20here%20so%20you%20can%20test%20it%20on%20your%20phone%3A%0A%F0%9F%91%89%20https%3A%2F%2Freputetap.github.io%2F%3Fid%3Dapex-ceramic-lab%0A%0A%F0%9F%94%A5%20VADODARA%20LAUNCH%20PROMO%3A%20We%20are%20delivering%202%20custom-branded%20standees%20with%20your%20logo%20for%20just%20%E2%82%B9299%20%28Regular%20%E2%82%B92%2C999%29%20for%20our%20first%20100%20partner%20venues%21%0A%0AWould%20you%20like%20us%20to%20drop%20off%20a%20sample%20set%20at%20your%20counter%20this%20week%3F,Pending (Target: 100 Sprints),,
70,AutoWrap Studio,Car Care,"Vesu, Surat",+919825123507,Elite automotive aesthetic studio with diamond-tier clients,https://reputetap.github.io/?id=autowrap-studio,https://wa.me/919825123507?text=Hi%20AutoWrap%20Studio%20Team%21%20%F0%9F%91%8B%20Quick%2010-second%20message%20from%20Vadodara%3A%0A%0AWe%20are%20manufacturing%20custom%20laser-cut%20acrylic%20NFC%20counter%20standees%20for%20local%20businesses%20in%20Vadodara%20to%20solve%20checkout%20review%20friction.%0A%0ARight%20now%2C%2090%25%2B%20of%20happy%20visitors%20at%20AutoWrap%20Studio%20walk%20out%20without%20reviewing%20on%20Google%20because%20searching%20and%20typing%20takes%20too%20long.%20With%20this%20standee%20on%20your%20billing%20counter%3A%0A1.%20Customers%20tap%20their%20phone%20%28or%20scan%20QR%29%20and%20our%201-tap%20assistant%20drafts%20a%205-star%20review%20in%202%20seconds.%0A2.%20If%20someone%20had%20an%20issue%2C%20it%20routes%20feedback%20privately%20to%20your%20WhatsApp%20so%20you%20can%20fix%20it%20on%20the%20spot%20before%20a%201-star%20review%20goes%20public.%0A%0AI%20pre-programmed%20a%2010-second%20interactive%20digital%20simulation%20of%20your%20custom%20standee%20here%20so%20you%20can%20test%20it%20on%20your%20phone%3A%0A%F0%9F%91%89%20https%3A%2F%2Freputetap.github.io%2F%3Fid%3Dautowrap-studio%0A%0A%F0%9F%94%A5%20VADODARA%20LAUNCH%20PROMO%3A%20We%20are%20delivering%202%20custom-branded%20standees%20with%20your%20logo%20for%20just%20%E2%82%B9299%20%28Regular%20%E2%82%B92%2C999%29%20for%20our%20first%20100%20partner%20venues%21%0A%0AWould%20you%20like%20us%20to%20drop%20off%20a%20sample%20set%20at%20your%20counter%20this%20week%3F,Pending (Target: 100 Sprints),,
71,Smile Care Dental Clinic,Clinic,"Alkapuri, Vadodara",+919825123508,Cosmetic dentistry and invisible aligner clinic,https://reputetap.github.io/?id=smile-care-dental-clinic,https://wa.me/919825123508?text=Hi%20Smile%20Care%20Dental%20Clinic%20Team%21%20%F0%9F%91%8B%20Quick%2010-second%20message%20from%20Vadodara%3A%0A%0AWe%20are%20manufacturing%20custom%20laser-cut%20acrylic%20NFC%20counter%20standees%20for%20local%20businesses%20in%20Vadodara%20to%20solve%20checkout%20review%20friction.%0A%0ARight%20now%2C%2090%25%2B%20of%20happy%20visitors%20at%20Smile%20Care%20Dental%20Clinic%20walk%20out%20without%20reviewing%20on%20Google%20because%20searching%20and%20typing%20takes%20too%20long.%20With%20this%20standee%20on%20your%20billing%20counter%3A%0A1.%20Customers%20tap%20their%20phone%20%28or%20scan%20QR%29%20and%20our%201-tap%20assistant%20drafts%20a%205-star%20review%20in%202%20seconds.%0A2.%20If%20someone%20had%20an%20issue%2C%20it%20routes%20feedback%20privately%20to%20your%20WhatsApp%20so%20you%20can%20fix%20it%20on%20the%20spot%20before%20a%201-star%20review%20goes%20public.%0A%0AI%20pre-programmed%20a%2010-second%20interactive%20digital%20simulation%20of%20your%20custom%20standee%20here%20so%20you%20can%20test%20it%20on%20your%20phone%3A%0A%F0%9F%91%89%20https%3A%2F%2Freputetap.github.io%2F%3Fid%3Dsmile-care-dental-clinic%0A%0A%F0%9F%94%A5%20VADODARA%20LAUNCH%20PROMO%3A%20We%20are%20delivering%202%20custom-branded%20standees%20with%20your%20logo%20for%20just%20%E2%82%B9299%20%28Regular%20%E2%82%B92%2C999%29%20for%20our%20first%20100%20partner%20venues%21%0A%0AWould%20you%20like%20us%20to%20drop%20off%20a%20sample%20set%20at%20your%20counter%20this%20week%3F,Pending (Target: 100 Sprints),,
72,32 Pearls Dental Care,Clinic,"Gotri, Vadodara",+919825123509,Family dental practice relying on gentle care reviews,https://reputetap.github.io/?id=32-pearls-dental-care,https://wa.me/919825123509?text=Hi%2032%20Pearls%20Dental%20Care%20Team%21%20%F0%9F%91%8B%20Quick%2010-second%20message%20from%20Vadodara%3A%0A%0AWe%20are%20manufacturing%20custom%20laser-cut%20acrylic%20NFC%20counter%20standees%20for%20local%20businesses%20in%20Vadodara%20to%20solve%20checkout%20review%20friction.%0A%0ARight%20now%2C%2090%25%2B%20of%20happy%20visitors%20at%2032%20Pearls%20Dental%20Care%20walk%20out%20without%20reviewing%20on%20Google%20because%20searching%20and%20typing%20takes%20too%20long.%20With%20this%20standee%20on%20your%20billing%20counter%3A%0A1.%20Customers%20tap%20their%20phone%20%28or%20scan%20QR%29%20and%20our%201-tap%20assistant%20drafts%20a%205-star%20review%20in%202%20seconds.%0A2.%20If%20someone%20had%20an%20issue%2C%20it%20routes%20feedback%20privately%20to%20your%20WhatsApp%20so%20you%20can%20fix%20it%20on%20the%20spot%20before%20a%201-star%20review%20goes%20public.%0A%0AI%20pre-programmed%20a%2010-second%20interactive%20digital%20simulation%20of%20your%20custom%20standee%20here%20so%20you%20can%20test%20it%20on%20your%20phone%3A%0A%F0%9F%91%89%20https%3A%2F%2Freputetap.github.io%2F%3Fid%3D32-pearls-dental-care%0A%0A%F0%9F%94%A5%20VADODARA%20LAUNCH%20PROMO%3A%20We%20are%20delivering%202%20custom-branded%20standees%20with%20your%20logo%20for%20just%20%E2%82%B9299%20%28Regular%20%E2%82%B92%2C999%29%20for%20our%20first%20100%20partner%20venues%21%0A%0AWould%20you%20like%20us%20to%20drop%20off%20a%20sample%20set%20at%20your%20counter%20this%20week%3F,Pending (Target: 100 Sprints),,
73,Baroda Dental Studio,Clinic,"Race Course, Vadodara",+919825123510,Implantology and smile design center,https://reputetap.github.io/?id=baroda-dental-studio,https://wa.me/919825123510?text=Hi%20Baroda%20Dental%20Studio%20Team%21%20%F0%9F%91%8B%20Quick%2010-second%20message%20from%20Vadodara%3A%0A%0AWe%20are%20manufacturing%20custom%20laser-cut%20acrylic%20NFC%20counter%20standees%20for%20local%20businesses%20in%20Vadodara%20to%20solve%20checkout%20review%20friction.%0A%0ARight%20now%2C%2090%25%2B%20of%20happy%20visitors%20at%20Baroda%20Dental%20Studio%20walk%20out%20without%20reviewing%20on%20Google%20because%20searching%20and%20typing%20takes%20too%20long.%20With%20this%20standee%20on%20your%20billing%20counter%3A%0A1.%20Customers%20tap%20their%20phone%20%28or%20scan%20QR%29%20and%20our%201-tap%20assistant%20drafts%20a%205-star%20review%20in%202%20seconds.%0A2.%20If%20someone%20had%20an%20issue%2C%20it%20routes%20feedback%20privately%20to%20your%20WhatsApp%20so%20you%20can%20fix%20it%20on%20the%20spot%20before%20a%201-star%20review%20goes%20public.%0A%0AI%20pre-programmed%20a%2010-second%20interactive%20digital%20simulation%20of%20your%20custom%20standee%20here%20so%20you%20can%20test%20it%20on%20your%20phone%3A%0A%F0%9F%91%89%20https%3A%2F%2Freputetap.github.io%2F%3Fid%3Dbaroda-dental-studio%0A%0A%F0%9F%94%A5%20VADODARA%20LAUNCH%20PROMO%3A%20We%20are%20delivering%202%20custom-branded%20standees%20with%20your%20logo%20for%20just%20%E2%82%B9299%20%28Regular%20%E2%82%B92%2C999%29%20for%20our%20first%20100%20partner%20venues%21%0A%0AWould%20you%20like%20us%20to%20drop%20off%20a%20sample%20set%20at%20your%20counter%20this%20week%3F,Pending (Target: 100 Sprints),,
74,Dr. Dhruti's Aesthetic Clinic,Clinic,"Alkapuri, Vadodara",+919825123511,Dermatology and anti-aging aesthetic center,https://reputetap.github.io/?id=dr-dhrutis-aesthetic-clinic,https://wa.me/919825123511?text=Hi%20Dr.%20Dhruti%27s%20Aesthetic%20Clinic%20Team%21%20%F0%9F%91%8B%20Quick%2010-second%20message%20from%20Vadodara%3A%0A%0AWe%20are%20manufacturing%20custom%20laser-cut%20acrylic%20NFC%20counter%20standees%20for%20local%20businesses%20in%20Vadodara%20to%20solve%20checkout%20review%20friction.%0A%0ARight%20now%2C%2090%25%2B%20of%20happy%20visitors%20at%20Dr.%20Dhruti%27s%20Aesthetic%20Clinic%20walk%20out%20without%20reviewing%20on%20Google%20because%20searching%20and%20typing%20takes%20too%20long.%20With%20this%20standee%20on%20your%20billing%20counter%3A%0A1.%20Customers%20tap%20their%20phone%20%28or%20scan%20QR%29%20and%20our%201-tap%20assistant%20drafts%20a%205-star%20review%20in%202%20seconds.%0A2.%20If%20someone%20had%20an%20issue%2C%20it%20routes%20feedback%20privately%20to%20your%20WhatsApp%20so%20you%20can%20fix%20it%20on%20the%20spot%20before%20a%201-star%20review%20goes%20public.%0A%0AI%20pre-programmed%20a%2010-second%20interactive%20digital%20simulation%20of%20your%20custom%20standee%20here%20so%20you%20can%20test%20it%20on%20your%20phone%3A%0A%F0%9F%91%89%20https%3A%2F%2Freputetap.github.io%2F%3Fid%3Ddr-dhrutis-aesthetic-clinic%0A%0A%F0%9F%94%A5%20VADODARA%20LAUNCH%20PROMO%3A%20We%20are%20delivering%202%20custom-branded%20standees%20with%20your%20logo%20for%20just%20%E2%82%B9299%20%28Regular%20%E2%82%B92%2C999%29%20for%20our%20first%20100%20partner%20venues%21%0A%0AWould%20you%20like%20us%20to%20drop%20off%20a%20sample%20set%20at%20your%20counter%20this%20week%3F,Pending (Target: 100 Sprints),,
75,Aura Skin & Hair Clinic,Clinic,"Akota, Vadodara",+919825123512,Laser treatment and skin rejuvenation practice,https://reputetap.github.io/?id=aura-skin-and-hair-clinic,https://wa.me/919825123512?text=Hi%20Aura%20Skin%20%26%20Hair%20Clinic%20Team%21%20%F0%9F%91%8B%20Quick%2010-second%20message%20from%20Vadodara%3A%0A%0AWe%20are%20manufacturing%20custom%20laser-cut%20acrylic%20NFC%20counter%20standees%20for%20local%20businesses%20in%20Vadodara%20to%20solve%20checkout%20review%20friction.%0A%0ARight%20now%2C%2090%25%2B%20of%20happy%20visitors%20at%20Aura%20Skin%20%26%20Hair%20Clinic%20walk%20out%20without%20reviewing%20on%20Google%20because%20searching%20and%20typing%20takes%20too%20long.%20With%20this%20standee%20on%20your%20billing%20counter%3A%0A1.%20Customers%20tap%20their%20phone%20%28or%20scan%20QR%29%20and%20our%201-tap%20assistant%20drafts%20a%205-star%20review%20in%202%20seconds.%0A2.%20If%20someone%20had%20an%20issue%2C%20it%20routes%20feedback%20privately%20to%20your%20WhatsApp%20so%20you%20can%20fix%20it%20on%20the%20spot%20before%20a%201-star%20review%20goes%20public.%0A%0AI%20pre-programmed%20a%2010-second%20interactive%20digital%20simulation%20of%20your%20custom%20standee%20here%20so%20you%20can%20test%20it%20on%20your%20phone%3A%0A%F0%9F%91%89%20https%3A%2F%2Freputetap.github.io%2F%3Fid%3Daura-skin-and-hair-clinic%0A%0A%F0%9F%94%A5%20VADODARA%20LAUNCH%20PROMO%3A%20We%20are%20delivering%202%20custom-branded%20standees%20with%20your%20logo%20for%20just%20%E2%82%B9299%20%28Regular%20%E2%82%B92%2C999%29%20for%20our%20first%20100%20partner%20venues%21%0A%0AWould%20you%20like%20us%20to%20drop%20off%20a%20sample%20set%20at%20your%20counter%20this%20week%3F,Pending (Target: 100 Sprints),,
76,The Dental Hub,Clinic,"Vasna Rd, Vadodara",+919825123513,Pediatric and orthodontic specialist clinic,https://reputetap.github.io/?id=the-dental-hub,https://wa.me/919825123513?text=Hi%20The%20Dental%20Hub%20Team%21%20%F0%9F%91%8B%20Quick%2010-second%20message%20from%20Vadodara%3A%0A%0AWe%20are%20manufacturing%20custom%20laser-cut%20acrylic%20NFC%20counter%20standees%20for%20local%20businesses%20in%20Vadodara%20to%20solve%20checkout%20review%20friction.%0A%0ARight%20now%2C%2090%25%2B%20of%20happy%20visitors%20at%20The%20Dental%20Hub%20walk%20out%20without%20reviewing%20on%20Google%20because%20searching%20and%20typing%20takes%20too%20long.%20With%20this%20standee%20on%20your%20billing%20counter%3A%0A1.%20Customers%20tap%20their%20phone%20%28or%20scan%20QR%29%20and%20our%201-tap%20assistant%20drafts%20a%205-star%20review%20in%202%20seconds.%0A2.%20If%20someone%20had%20an%20issue%2C%20it%20routes%20feedback%20privately%20to%20your%20WhatsApp%20so%20you%20can%20fix%20it%20on%20the%20spot%20before%20a%201-star%20review%20goes%20public.%0A%0AI%20pre-programmed%20a%2010-second%20interactive%20digital%20simulation%20of%20your%20custom%20standee%20here%20so%20you%20can%20test%20it%20on%20your%20phone%3A%0A%F0%9F%91%89%20https%3A%2F%2Freputetap.github.io%2F%3Fid%3Dthe-dental-hub%0A%0A%F0%9F%94%A5%20VADODARA%20LAUNCH%20PROMO%3A%20We%20are%20delivering%202%20custom-branded%20standees%20with%20your%20logo%20for%20just%20%E2%82%B9299%20%28Regular%20%E2%82%B92%2C999%29%20for%20our%20first%20100%20partner%20venues%21%0A%0AWould%20you%20like%20us%20to%20drop%20off%20a%20sample%20set%20at%20your%20counter%20this%20week%3F,Pending (Target: 100 Sprints),,
77,Cosmodent Dental Care,Clinic,"Manjalpur, Vadodara",+919825123514,Multi-chair modern dental facility with high patient churn,https://reputetap.github.io/?id=cosmodent-dental-care,https://wa.me/919825123514?text=Hi%20Cosmodent%20Dental%20Care%20Team%21%20%F0%9F%91%8B%20Quick%2010-second%20message%20from%20Vadodara%3A%0A%0AWe%20are%20manufacturing%20custom%20laser-cut%20acrylic%20NFC%20counter%20standees%20for%20local%20businesses%20in%20Vadodara%20to%20solve%20checkout%20review%20friction.%0A%0ARight%20now%2C%2090%25%2B%20of%20happy%20visitors%20at%20Cosmodent%20Dental%20Care%20walk%20out%20without%20reviewing%20on%20Google%20because%20searching%20and%20typing%20takes%20too%20long.%20With%20this%20standee%20on%20your%20billing%20counter%3A%0A1.%20Customers%20tap%20their%20phone%20%28or%20scan%20QR%29%20and%20our%201-tap%20assistant%20drafts%20a%205-star%20review%20in%202%20seconds.%0A2.%20If%20someone%20had%20an%20issue%2C%20it%20routes%20feedback%20privately%20to%20your%20WhatsApp%20so%20you%20can%20fix%20it%20on%20the%20spot%20before%20a%201-star%20review%20goes%20public.%0A%0AI%20pre-programmed%20a%2010-second%20interactive%20digital%20simulation%20of%20your%20custom%20standee%20here%20so%20you%20can%20test%20it%20on%20your%20phone%3A%0A%F0%9F%91%89%20https%3A%2F%2Freputetap.github.io%2F%3Fid%3Dcosmodent-dental-care%0A%0A%F0%9F%94%A5%20VADODARA%20LAUNCH%20PROMO%3A%20We%20are%20delivering%202%20custom-branded%20standees%20with%20your%20logo%20for%20just%20%E2%82%B9299%20%28Regular%20%E2%82%B92%2C999%29%20for%20our%20first%20100%20partner%20venues%21%0A%0AWould%20you%20like%20us%20to%20drop%20off%20a%20sample%20set%20at%20your%20counter%20this%20week%3F,Pending (Target: 100 Sprints),,
78,DermaElite Skin Studio,Clinic,"Old Padra Rd, Vadodara",+919825123515,Cosmetology center where private issue resolution is critical,https://reputetap.github.io/?id=dermaelite-skin-studio,https://wa.me/919825123515?text=Hi%20DermaElite%20Skin%20Studio%20Team%21%20%F0%9F%91%8B%20Quick%2010-second%20message%20from%20Vadodara%3A%0A%0AWe%20are%20manufacturing%20custom%20laser-cut%20acrylic%20NFC%20counter%20standees%20for%20local%20businesses%20in%20Vadodara%20to%20solve%20checkout%20review%20friction.%0A%0ARight%20now%2C%2090%25%2B%20of%20happy%20visitors%20at%20DermaElite%20Skin%20Studio%20walk%20out%20without%20reviewing%20on%20Google%20because%20searching%20and%20typing%20takes%20too%20long.%20With%20this%20standee%20on%20your%20billing%20counter%3A%0A1.%20Customers%20tap%20their%20phone%20%28or%20scan%20QR%29%20and%20our%201-tap%20assistant%20drafts%20a%205-star%20review%20in%202%20seconds.%0A2.%20If%20someone%20had%20an%20issue%2C%20it%20routes%20feedback%20privately%20to%20your%20WhatsApp%20so%20you%20can%20fix%20it%20on%20the%20spot%20before%20a%201-star%20review%20goes%20public.%0A%0AI%20pre-programmed%20a%2010-second%20interactive%20digital%20simulation%20of%20your%20custom%20standee%20here%20so%20you%20can%20test%20it%20on%20your%20phone%3A%0A%F0%9F%91%89%20https%3A%2F%2Freputetap.github.io%2F%3Fid%3Ddermaelite-skin-studio%0A%0A%F0%9F%94%A5%20VADODARA%20LAUNCH%20PROMO%3A%20We%20are%20delivering%202%20custom-branded%20standees%20with%20your%20logo%20for%20just%20%E2%82%B9299%20%28Regular%20%E2%82%B92%2C999%29%20for%20our%20first%20100%20partner%20venues%21%0A%0AWould%20you%20like%20us%20to%20drop%20off%20a%20sample%20set%20at%20your%20counter%20this%20week%3F,Pending (Target: 100 Sprints),,
79,Dr. Trivedi Dental Hospital,Clinic,"Karelibaug, Vadodara",+919825123516,Established hospital needing younger patient Google visibility,https://reputetap.github.io/?id=dr-trivedi-dental-hospital,https://wa.me/919825123516?text=Hi%20Dr.%20Trivedi%20Dental%20Hospital%20Team%21%20%F0%9F%91%8B%20Quick%2010-second%20message%20from%20Vadodara%3A%0A%0AWe%20are%20manufacturing%20custom%20laser-cut%20acrylic%20NFC%20counter%20standees%20for%20local%20businesses%20in%20Vadodara%20to%20solve%20checkout%20review%20friction.%0A%0ARight%20now%2C%2090%25%2B%20of%20happy%20visitors%20at%20Dr.%20Trivedi%20Dental%20Hospital%20walk%20out%20without%20reviewing%20on%20Google%20because%20searching%20and%20typing%20takes%20too%20long.%20With%20this%20standee%20on%20your%20billing%20counter%3A%0A1.%20Customers%20tap%20their%20phone%20%28or%20scan%20QR%29%20and%20our%201-tap%20assistant%20drafts%20a%205-star%20review%20in%202%20seconds.%0A2.%20If%20someone%20had%20an%20issue%2C%20it%20routes%20feedback%20privately%20to%20your%20WhatsApp%20so%20you%20can%20fix%20it%20on%20the%20spot%20before%20a%201-star%20review%20goes%20public.%0A%0AI%20pre-programmed%20a%2010-second%20interactive%20digital%20simulation%20of%20your%20custom%20standee%20here%20so%20you%20can%20test%20it%20on%20your%20phone%3A%0A%F0%9F%91%89%20https%3A%2F%2Freputetap.github.io%2F%3Fid%3Ddr-trivedi-dental-hospital%0A%0A%F0%9F%94%A5%20VADODARA%20LAUNCH%20PROMO%3A%20We%20are%20delivering%202%20custom-branded%20standees%20with%20your%20logo%20for%20just%20%E2%82%B9299%20%28Regular%20%E2%82%B92%2C999%29%20for%20our%20first%20100%20partner%20venues%21%0A%0AWould%20you%20like%20us%20to%20drop%20off%20a%20sample%20set%20at%20your%20counter%20this%20week%3F,Pending (Target: 100 Sprints),,
80,Dentique Advanced Dental,Clinic,"Bhayli, Vadodara",+919825123517,Premium suburban dental lounge,https://reputetap.github.io/?id=dentique-advanced-dental,https://wa.me/919825123517?text=Hi%20Dentique%20Advanced%20Dental%20Team%21%20%F0%9F%91%8B%20Quick%2010-second%20message%20from%20Vadodara%3A%0A%0AWe%20are%20manufacturing%20custom%20laser-cut%20acrylic%20NFC%20counter%20standees%20for%20local%20businesses%20in%20Vadodara%20to%20solve%20checkout%20review%20friction.%0A%0ARight%20now%2C%2090%25%2B%20of%20happy%20visitors%20at%20Dentique%20Advanced%20Dental%20walk%20out%20without%20reviewing%20on%20Google%20because%20searching%20and%20typing%20takes%20too%20long.%20With%20this%20standee%20on%20your%20billing%20counter%3A%0A1.%20Customers%20tap%20their%20phone%20%28or%20scan%20QR%29%20and%20our%201-tap%20assistant%20drafts%20a%205-star%20review%20in%202%20seconds.%0A2.%20If%20someone%20had%20an%20issue%2C%20it%20routes%20feedback%20privately%20to%20your%20WhatsApp%20so%20you%20can%20fix%20it%20on%20the%20spot%20before%20a%201-star%20review%20goes%20public.%0A%0AI%20pre-programmed%20a%2010-second%20interactive%20digital%20simulation%20of%20your%20custom%20standee%20here%20so%20you%20can%20test%20it%20on%20your%20phone%3A%0A%F0%9F%91%89%20https%3A%2F%2Freputetap.github.io%2F%3Fid%3Ddentique-advanced-dental%0A%0A%F0%9F%94%A5%20VADODARA%20LAUNCH%20PROMO%3A%20We%20are%20delivering%202%20custom-branded%20standees%20with%20your%20logo%20for%20just%20%E2%82%B9299%20%28Regular%20%E2%82%B92%2C999%29%20for%20our%20first%20100%20partner%20venues%21%0A%0AWould%20you%20like%20us%20to%20drop%20off%20a%20sample%20set%20at%20your%20counter%20this%20week%3F,Pending (Target: 100 Sprints),,
81,ClearSmile Orthodontics,Clinic,"Sayajigunj, Vadodara",+919825123518,Invisalign-certified youth alignment practice,https://reputetap.github.io/?id=clearsmile-orthodontics,https://wa.me/919825123518?text=Hi%20ClearSmile%20Orthodontics%20Team%21%20%F0%9F%91%8B%20Quick%2010-second%20message%20from%20Vadodara%3A%0A%0AWe%20are%20manufacturing%20custom%20laser-cut%20acrylic%20NFC%20counter%20standees%20for%20local%20businesses%20in%20Vadodara%20to%20solve%20checkout%20review%20friction.%0A%0ARight%20now%2C%2090%25%2B%20of%20happy%20visitors%20at%20ClearSmile%20Orthodontics%20walk%20out%20without%20reviewing%20on%20Google%20because%20searching%20and%20typing%20takes%20too%20long.%20With%20this%20standee%20on%20your%20billing%20counter%3A%0A1.%20Customers%20tap%20their%20phone%20%28or%20scan%20QR%29%20and%20our%201-tap%20assistant%20drafts%20a%205-star%20review%20in%202%20seconds.%0A2.%20If%20someone%20had%20an%20issue%2C%20it%20routes%20feedback%20privately%20to%20your%20WhatsApp%20so%20you%20can%20fix%20it%20on%20the%20spot%20before%20a%201-star%20review%20goes%20public.%0A%0AI%20pre-programmed%20a%2010-second%20interactive%20digital%20simulation%20of%20your%20custom%20standee%20here%20so%20you%20can%20test%20it%20on%20your%20phone%3A%0A%F0%9F%91%89%20https%3A%2F%2Freputetap.github.io%2F%3Fid%3Dclearsmile-orthodontics%0A%0A%F0%9F%94%A5%20VADODARA%20LAUNCH%20PROMO%3A%20We%20are%20delivering%202%20custom-branded%20standees%20with%20your%20logo%20for%20just%20%E2%82%B9299%20%28Regular%20%E2%82%B92%2C999%29%20for%20our%20first%20100%20partner%20venues%21%0A%0AWould%20you%20like%20us%20to%20drop%20off%20a%20sample%20set%20at%20your%20counter%20this%20week%3F,Pending (Target: 100 Sprints),,
82,Radiance Skin Clinic,Clinic,"Subhanpura, Vadodara",+919825123519,Medical facial and acne specialist,https://reputetap.github.io/?id=radiance-skin-clinic,https://wa.me/919825123519?text=Hi%20Radiance%20Skin%20Clinic%20Team%21%20%F0%9F%91%8B%20Quick%2010-second%20message%20from%20Vadodara%3A%0A%0AWe%20are%20manufacturing%20custom%20laser-cut%20acrylic%20NFC%20counter%20standees%20for%20local%20businesses%20in%20Vadodara%20to%20solve%20checkout%20review%20friction.%0A%0ARight%20now%2C%2090%25%2B%20of%20happy%20visitors%20at%20Radiance%20Skin%20Clinic%20walk%20out%20without%20reviewing%20on%20Google%20because%20searching%20and%20typing%20takes%20too%20long.%20With%20this%20standee%20on%20your%20billing%20counter%3A%0A1.%20Customers%20tap%20their%20phone%20%28or%20scan%20QR%29%20and%20our%201-tap%20assistant%20drafts%20a%205-star%20review%20in%202%20seconds.%0A2.%20If%20someone%20had%20an%20issue%2C%20it%20routes%20feedback%20privately%20to%20your%20WhatsApp%20so%20you%20can%20fix%20it%20on%20the%20spot%20before%20a%201-star%20review%20goes%20public.%0A%0AI%20pre-programmed%20a%2010-second%20interactive%20digital%20simulation%20of%20your%20custom%20standee%20here%20so%20you%20can%20test%20it%20on%20your%20phone%3A%0A%F0%9F%91%89%20https%3A%2F%2Freputetap.github.io%2F%3Fid%3Dradiance-skin-clinic%0A%0A%F0%9F%94%A5%20VADODARA%20LAUNCH%20PROMO%3A%20We%20are%20delivering%202%20custom-branded%20standees%20with%20your%20logo%20for%20just%20%E2%82%B9299%20%28Regular%20%E2%82%B92%2C999%29%20for%20our%20first%20100%20partner%20venues%21%0A%0AWould%20you%20like%20us%20to%20drop%20off%20a%20sample%20set%20at%20your%20counter%20this%20week%3F,Pending (Target: 100 Sprints),,
83,Perfect Smile Clinic,Clinic,"Harni Rd, Vadodara",+919825123520,Community dental hub,https://reputetap.github.io/?id=perfect-smile-clinic,https://wa.me/919825123520?text=Hi%20Perfect%20Smile%20Clinic%20Team%21%20%F0%9F%91%8B%20Quick%2010-second%20message%20from%20Vadodara%3A%0A%0AWe%20are%20manufacturing%20custom%20laser-cut%20acrylic%20NFC%20counter%20standees%20for%20local%20businesses%20in%20Vadodara%20to%20solve%20checkout%20review%20friction.%0A%0ARight%20now%2C%2090%25%2B%20of%20happy%20visitors%20at%20Perfect%20Smile%20Clinic%20walk%20out%20without%20reviewing%20on%20Google%20because%20searching%20and%20typing%20takes%20too%20long.%20With%20this%20standee%20on%20your%20billing%20counter%3A%0A1.%20Customers%20tap%20their%20phone%20%28or%20scan%20QR%29%20and%20our%201-tap%20assistant%20drafts%20a%205-star%20review%20in%202%20seconds.%0A2.%20If%20someone%20had%20an%20issue%2C%20it%20routes%20feedback%20privately%20to%20your%20WhatsApp%20so%20you%20can%20fix%20it%20on%20the%20spot%20before%20a%201-star%20review%20goes%20public.%0A%0AI%20pre-programmed%20a%2010-second%20interactive%20digital%20simulation%20of%20your%20custom%20standee%20here%20so%20you%20can%20test%20it%20on%20your%20phone%3A%0A%F0%9F%91%89%20https%3A%2F%2Freputetap.github.io%2F%3Fid%3Dperfect-smile-clinic%0A%0A%F0%9F%94%A5%20VADODARA%20LAUNCH%20PROMO%3A%20We%20are%20delivering%202%20custom-branded%20standees%20with%20your%20logo%20for%20just%20%E2%82%B9299%20%28Regular%20%E2%82%B92%2C999%29%20for%20our%20first%20100%20partner%20venues%21%0A%0AWould%20you%20like%20us%20to%20drop%20off%20a%20sample%20set%20at%20your%20counter%20this%20week%3F,Pending (Target: 100 Sprints),,
84,Zenith Dental Care,Clinic,"Sindhu Bhavan, Ahmedabad",+919825123521,High-profile cosmetic surgery and smile center,https://reputetap.github.io/?id=zenith-dental-care,https://wa.me/919825123521?text=Hi%20Zenith%20Dental%20Care%20Team%21%20%F0%9F%91%8B%20Quick%2010-second%20message%20from%20Vadodara%3A%0A%0AWe%20are%20manufacturing%20custom%20laser-cut%20acrylic%20NFC%20counter%20standees%20for%20local%20businesses%20in%20Vadodara%20to%20solve%20checkout%20review%20friction.%0A%0ARight%20now%2C%2090%25%2B%20of%20happy%20visitors%20at%20Zenith%20Dental%20Care%20walk%20out%20without%20reviewing%20on%20Google%20because%20searching%20and%20typing%20takes%20too%20long.%20With%20this%20standee%20on%20your%20billing%20counter%3A%0A1.%20Customers%20tap%20their%20phone%20%28or%20scan%20QR%29%20and%20our%201-tap%20assistant%20drafts%20a%205-star%20review%20in%202%20seconds.%0A2.%20If%20someone%20had%20an%20issue%2C%20it%20routes%20feedback%20privately%20to%20your%20WhatsApp%20so%20you%20can%20fix%20it%20on%20the%20spot%20before%20a%201-star%20review%20goes%20public.%0A%0AI%20pre-programmed%20a%2010-second%20interactive%20digital%20simulation%20of%20your%20custom%20standee%20here%20so%20you%20can%20test%20it%20on%20your%20phone%3A%0A%F0%9F%91%89%20https%3A%2F%2Freputetap.github.io%2F%3Fid%3Dzenith-dental-care%0A%0A%F0%9F%94%A5%20VADODARA%20LAUNCH%20PROMO%3A%20We%20are%20delivering%202%20custom-branded%20standees%20with%20your%20logo%20for%20just%20%E2%82%B9299%20%28Regular%20%E2%82%B92%2C999%29%20for%20our%20first%20100%20partner%20venues%21%0A%0AWould%20you%20like%20us%20to%20drop%20off%20a%20sample%20set%20at%20your%20counter%20this%20week%3F,Pending (Target: 100 Sprints),,
85,Dr. Patel's Aesthetic Smile,Clinic,"Athwa, Surat",+919825123522,Celebrity cosmetic dental studio,https://reputetap.github.io/?id=dr-patels-aesthetic-smile,https://wa.me/919825123522?text=Hi%20Dr.%20Patel%27s%20Aesthetic%20Smile%20Team%21%20%F0%9F%91%8B%20Quick%2010-second%20message%20from%20Vadodara%3A%0A%0AWe%20are%20manufacturing%20custom%20laser-cut%20acrylic%20NFC%20counter%20standees%20for%20local%20businesses%20in%20Vadodara%20to%20solve%20checkout%20review%20friction.%0A%0ARight%20now%2C%2090%25%2B%20of%20happy%20visitors%20at%20Dr.%20Patel%27s%20Aesthetic%20Smile%20walk%20out%20without%20reviewing%20on%20Google%20because%20searching%20and%20typing%20takes%20too%20long.%20With%20this%20standee%20on%20your%20billing%20counter%3A%0A1.%20Customers%20tap%20their%20phone%20%28or%20scan%20QR%29%20and%20our%201-tap%20assistant%20drafts%20a%205-star%20review%20in%202%20seconds.%0A2.%20If%20someone%20had%20an%20issue%2C%20it%20routes%20feedback%20privately%20to%20your%20WhatsApp%20so%20you%20can%20fix%20it%20on%20the%20spot%20before%20a%201-star%20review%20goes%20public.%0A%0AI%20pre-programmed%20a%2010-second%20interactive%20digital%20simulation%20of%20your%20custom%20standee%20here%20so%20you%20can%20test%20it%20on%20your%20phone%3A%0A%F0%9F%91%89%20https%3A%2F%2Freputetap.github.io%2F%3Fid%3Ddr-patels-aesthetic-smile%0A%0A%F0%9F%94%A5%20VADODARA%20LAUNCH%20PROMO%3A%20We%20are%20delivering%202%20custom-branded%20standees%20with%20your%20logo%20for%20just%20%E2%82%B9299%20%28Regular%20%E2%82%B92%2C999%29%20for%20our%20first%20100%20partner%20venues%21%0A%0AWould%20you%20like%20us%20to%20drop%20off%20a%20sample%20set%20at%20your%20counter%20this%20week%3F,Pending (Target: 100 Sprints),,
86,Mrunalini Rao Studio,Retail,"Alkapuri, Vadodara",+919825123523,Designer couture studio with luxury bridal clients,https://reputetap.github.io/?id=mrunalini-rao-studio,https://wa.me/919825123523?text=Hi%20Mrunalini%20Rao%20Studio%20Team%21%20%F0%9F%91%8B%20Quick%2010-second%20message%20from%20Vadodara%3A%0A%0AWe%20are%20manufacturing%20custom%20laser-cut%20acrylic%20NFC%20counter%20standees%20for%20local%20businesses%20in%20Vadodara%20to%20solve%20checkout%20review%20friction.%0A%0ARight%20now%2C%2090%25%2B%20of%20happy%20visitors%20at%20Mrunalini%20Rao%20Studio%20walk%20out%20without%20reviewing%20on%20Google%20because%20searching%20and%20typing%20takes%20too%20long.%20With%20this%20standee%20on%20your%20billing%20counter%3A%0A1.%20Customers%20tap%20their%20phone%20%28or%20scan%20QR%29%20and%20our%201-tap%20assistant%20drafts%20a%205-star%20review%20in%202%20seconds.%0A2.%20If%20someone%20had%20an%20issue%2C%20it%20routes%20feedback%20privately%20to%20your%20WhatsApp%20so%20you%20can%20fix%20it%20on%20the%20spot%20before%20a%201-star%20review%20goes%20public.%0A%0AI%20pre-programmed%20a%2010-second%20interactive%20digital%20simulation%20of%20your%20custom%20standee%20here%20so%20you%20can%20test%20it%20on%20your%20phone%3A%0A%F0%9F%91%89%20https%3A%2F%2Freputetap.github.io%2F%3Fid%3Dmrunalini-rao-studio%0A%0A%F0%9F%94%A5%20VADODARA%20LAUNCH%20PROMO%3A%20We%20are%20delivering%202%20custom-branded%20standees%20with%20your%20logo%20for%20just%20%E2%82%B9299%20%28Regular%20%E2%82%B92%2C999%29%20for%20our%20first%20100%20partner%20venues%21%0A%0AWould%20you%20like%20us%20to%20drop%20off%20a%20sample%20set%20at%20your%20counter%20this%20week%3F,Pending (Target: 100 Sprints),,
87,Sutra Designer Boutique,Retail,"Alkapuri, Vadodara",+919825123524,Custom ethnic and contemporary designer wear,https://reputetap.github.io/?id=sutra-designer-boutique,https://wa.me/919825123524?text=Hi%20Sutra%20Designer%20Boutique%20Team%21%20%F0%9F%91%8B%20Quick%2010-second%20message%20from%20Vadodara%3A%0A%0AWe%20are%20manufacturing%20custom%20laser-cut%20acrylic%20NFC%20counter%20standees%20for%20local%20businesses%20in%20Vadodara%20to%20solve%20checkout%20review%20friction.%0A%0ARight%20now%2C%2090%25%2B%20of%20happy%20visitors%20at%20Sutra%20Designer%20Boutique%20walk%20out%20without%20reviewing%20on%20Google%20because%20searching%20and%20typing%20takes%20too%20long.%20With%20this%20standee%20on%20your%20billing%20counter%3A%0A1.%20Customers%20tap%20their%20phone%20%28or%20scan%20QR%29%20and%20our%201-tap%20assistant%20drafts%20a%205-star%20review%20in%202%20seconds.%0A2.%20If%20someone%20had%20an%20issue%2C%20it%20routes%20feedback%20privately%20to%20your%20WhatsApp%20so%20you%20can%20fix%20it%20on%20the%20spot%20before%20a%201-star%20review%20goes%20public.%0A%0AI%20pre-programmed%20a%2010-second%20interactive%20digital%20simulation%20of%20your%20custom%20standee%20here%20so%20you%20can%20test%20it%20on%20your%20phone%3A%0A%F0%9F%91%89%20https%3A%2F%2Freputetap.github.io%2F%3Fid%3Dsutra-designer-boutique%0A%0A%F0%9F%94%A5%20VADODARA%20LAUNCH%20PROMO%3A%20We%20are%20delivering%202%20custom-branded%20standees%20with%20your%20logo%20for%20just%20%E2%82%B9299%20%28Regular%20%E2%82%B92%2C999%29%20for%20our%20first%20100%20partner%20venues%21%0A%0AWould%20you%20like%20us%20to%20drop%20off%20a%20sample%20set%20at%20your%20counter%20this%20week%3F,Pending (Target: 100 Sprints),,
88,Shyamal & Bhumika Showcase,Retail,"Race Course, Vadodara",+919825123525,Haute couture heritage bridal fashion house,https://reputetap.github.io/?id=shyamal-and-bhumika-showcase,https://wa.me/919825123525?text=Hi%20Shyamal%20%26%20Bhumika%20Showcase%20Team%21%20%F0%9F%91%8B%20Quick%2010-second%20message%20from%20Vadodara%3A%0A%0AWe%20are%20manufacturing%20custom%20laser-cut%20acrylic%20NFC%20counter%20standees%20for%20local%20businesses%20in%20Vadodara%20to%20solve%20checkout%20review%20friction.%0A%0ARight%20now%2C%2090%25%2B%20of%20happy%20visitors%20at%20Shyamal%20%26%20Bhumika%20Showcase%20walk%20out%20without%20reviewing%20on%20Google%20because%20searching%20and%20typing%20takes%20too%20long.%20With%20this%20standee%20on%20your%20billing%20counter%3A%0A1.%20Customers%20tap%20their%20phone%20%28or%20scan%20QR%29%20and%20our%201-tap%20assistant%20drafts%20a%205-star%20review%20in%202%20seconds.%0A2.%20If%20someone%20had%20an%20issue%2C%20it%20routes%20feedback%20privately%20to%20your%20WhatsApp%20so%20you%20can%20fix%20it%20on%20the%20spot%20before%20a%201-star%20review%20goes%20public.%0A%0AI%20pre-programmed%20a%2010-second%20interactive%20digital%20simulation%20of%20your%20custom%20standee%20here%20so%20you%20can%20test%20it%20on%20your%20phone%3A%0A%F0%9F%91%89%20https%3A%2F%2Freputetap.github.io%2F%3Fid%3Dshyamal-and-bhumika-showcase%0A%0A%F0%9F%94%A5%20VADODARA%20LAUNCH%20PROMO%3A%20We%20are%20delivering%202%20custom-branded%20standees%20with%20your%20logo%20for%20just%20%E2%82%B9299%20%28Regular%20%E2%82%B92%2C999%29%20for%20our%20first%20100%20partner%20venues%21%0A%0AWould%20you%20like%20us%20to%20drop%20off%20a%20sample%20set%20at%20your%20counter%20this%20week%3F,Pending (Target: 100 Sprints),,
89,Kala Niketan Silks,Retail,"Alkapuri, Vadodara",+919825123526,Premium handloom and silk saree showroom,https://reputetap.github.io/?id=kala-niketan-silks,https://wa.me/919825123526?text=Hi%20Kala%20Niketan%20Silks%20Team%21%20%F0%9F%91%8B%20Quick%2010-second%20message%20from%20Vadodara%3A%0A%0AWe%20are%20manufacturing%20custom%20laser-cut%20acrylic%20NFC%20counter%20standees%20for%20local%20businesses%20in%20Vadodara%20to%20solve%20checkout%20review%20friction.%0A%0ARight%20now%2C%2090%25%2B%20of%20happy%20visitors%20at%20Kala%20Niketan%20Silks%20walk%20out%20without%20reviewing%20on%20Google%20because%20searching%20and%20typing%20takes%20too%20long.%20With%20this%20standee%20on%20your%20billing%20counter%3A%0A1.%20Customers%20tap%20their%20phone%20%28or%20scan%20QR%29%20and%20our%201-tap%20assistant%20drafts%20a%205-star%20review%20in%202%20seconds.%0A2.%20If%20someone%20had%20an%20issue%2C%20it%20routes%20feedback%20privately%20to%20your%20WhatsApp%20so%20you%20can%20fix%20it%20on%20the%20spot%20before%20a%201-star%20review%20goes%20public.%0A%0AI%20pre-programmed%20a%2010-second%20interactive%20digital%20simulation%20of%20your%20custom%20standee%20here%20so%20you%20can%20test%20it%20on%20your%20phone%3A%0A%F0%9F%91%89%20https%3A%2F%2Freputetap.github.io%2F%3Fid%3Dkala-niketan-silks%0A%0A%F0%9F%94%A5%20VADODARA%20LAUNCH%20PROMO%3A%20We%20are%20delivering%202%20custom-branded%20standees%20with%20your%20logo%20for%20just%20%E2%82%B9299%20%28Regular%20%E2%82%B92%2C999%29%20for%20our%20first%20100%20partner%20venues%21%0A%0AWould%20you%20like%20us%20to%20drop%20off%20a%20sample%20set%20at%20your%20counter%20this%20week%3F,Pending (Target: 100 Sprints),,
90,The Raymond Shop Alkapuri,Retail,"Alkapuri, Vadodara",+919825123527,Custom tailoring and bespoke suiting counter,https://reputetap.github.io/?id=the-raymond-shop-alkapuri,https://wa.me/919825123527?text=Hi%20The%20Raymond%20Shop%20Alkapuri%20Team%21%20%F0%9F%91%8B%20Quick%2010-second%20message%20from%20Vadodara%3A%0A%0AWe%20are%20manufacturing%20custom%20laser-cut%20acrylic%20NFC%20counter%20standees%20for%20local%20businesses%20in%20Vadodara%20to%20solve%20checkout%20review%20friction.%0A%0ARight%20now%2C%2090%25%2B%20of%20happy%20visitors%20at%20The%20Raymond%20Shop%20Alkapuri%20walk%20out%20without%20reviewing%20on%20Google%20because%20searching%20and%20typing%20takes%20too%20long.%20With%20this%20standee%20on%20your%20billing%20counter%3A%0A1.%20Customers%20tap%20their%20phone%20%28or%20scan%20QR%29%20and%20our%201-tap%20assistant%20drafts%20a%205-star%20review%20in%202%20seconds.%0A2.%20If%20someone%20had%20an%20issue%2C%20it%20routes%20feedback%20privately%20to%20your%20WhatsApp%20so%20you%20can%20fix%20it%20on%20the%20spot%20before%20a%201-star%20review%20goes%20public.%0A%0AI%20pre-programmed%20a%2010-second%20interactive%20digital%20simulation%20of%20your%20custom%20standee%20here%20so%20you%20can%20test%20it%20on%20your%20phone%3A%0A%F0%9F%91%89%20https%3A%2F%2Freputetap.github.io%2F%3Fid%3Dthe-raymond-shop-alkapuri%0A%0A%F0%9F%94%A5%20VADODARA%20LAUNCH%20PROMO%3A%20We%20are%20delivering%202%20custom-branded%20standees%20with%20your%20logo%20for%20just%20%E2%82%B9299%20%28Regular%20%E2%82%B92%2C999%29%20for%20our%20first%20100%20partner%20venues%21%0A%0AWould%20you%20like%20us%20to%20drop%20off%20a%20sample%20set%20at%20your%20counter%20this%20week%3F,Pending (Target: 100 Sprints),,
91,Zaveri Brothers,Retail,"Alkapuri, Vadodara",+919825123528,Luxury diamond and gold bridal jewelry showroom,https://reputetap.github.io/?id=zaveri-brothers,https://wa.me/919825123528?text=Hi%20Zaveri%20Brothers%20Team%21%20%F0%9F%91%8B%20Quick%2010-second%20message%20from%20Vadodara%3A%0A%0AWe%20are%20manufacturing%20custom%20laser-cut%20acrylic%20NFC%20counter%20standees%20for%20local%20businesses%20in%20Vadodara%20to%20solve%20checkout%20review%20friction.%0A%0ARight%20now%2C%2090%25%2B%20of%20happy%20visitors%20at%20Zaveri%20Brothers%20walk%20out%20without%20reviewing%20on%20Google%20because%20searching%20and%20typing%20takes%20too%20long.%20With%20this%20standee%20on%20your%20billing%20counter%3A%0A1.%20Customers%20tap%20their%20phone%20%28or%20scan%20QR%29%20and%20our%201-tap%20assistant%20drafts%20a%205-star%20review%20in%202%20seconds.%0A2.%20If%20someone%20had%20an%20issue%2C%20it%20routes%20feedback%20privately%20to%20your%20WhatsApp%20so%20you%20can%20fix%20it%20on%20the%20spot%20before%20a%201-star%20review%20goes%20public.%0A%0AI%20pre-programmed%20a%2010-second%20interactive%20digital%20simulation%20of%20your%20custom%20standee%20here%20so%20you%20can%20test%20it%20on%20your%20phone%3A%0A%F0%9F%91%89%20https%3A%2F%2Freputetap.github.io%2F%3Fid%3Dzaveri-brothers%0A%0A%F0%9F%94%A5%20VADODARA%20LAUNCH%20PROMO%3A%20We%20are%20delivering%202%20custom-branded%20standees%20with%20your%20logo%20for%20just%20%E2%82%B9299%20%28Regular%20%E2%82%B92%2C999%29%20for%20our%20first%20100%20partner%20venues%21%0A%0AWould%20you%20like%20us%20to%20drop%20off%20a%20sample%20set%20at%20your%20counter%20this%20week%3F,Pending (Target: 100 Sprints),,
92,Asopalav Vadodara,Retail,"Jetalpur Rd, Vadodara",+919825123529,High-volume bridal lehenga and festive fashion destination,https://reputetap.github.io/?id=asopalav-vadodara,https://wa.me/919825123529?text=Hi%20Asopalav%20Vadodara%20Team%21%20%F0%9F%91%8B%20Quick%2010-second%20message%20from%20Vadodara%3A%0A%0AWe%20are%20manufacturing%20custom%20laser-cut%20acrylic%20NFC%20counter%20standees%20for%20local%20businesses%20in%20Vadodara%20to%20solve%20checkout%20review%20friction.%0A%0ARight%20now%2C%2090%25%2B%20of%20happy%20visitors%20at%20Asopalav%20Vadodara%20walk%20out%20without%20reviewing%20on%20Google%20because%20searching%20and%20typing%20takes%20too%20long.%20With%20this%20standee%20on%20your%20billing%20counter%3A%0A1.%20Customers%20tap%20their%20phone%20%28or%20scan%20QR%29%20and%20our%201-tap%20assistant%20drafts%20a%205-star%20review%20in%202%20seconds.%0A2.%20If%20someone%20had%20an%20issue%2C%20it%20routes%20feedback%20privately%20to%20your%20WhatsApp%20so%20you%20can%20fix%20it%20on%20the%20spot%20before%20a%201-star%20review%20goes%20public.%0A%0AI%20pre-programmed%20a%2010-second%20interactive%20digital%20simulation%20of%20your%20custom%20standee%20here%20so%20you%20can%20test%20it%20on%20your%20phone%3A%0A%F0%9F%91%89%20https%3A%2F%2Freputetap.github.io%2F%3Fid%3Dasopalav-vadodara%0A%0A%F0%9F%94%A5%20VADODARA%20LAUNCH%20PROMO%3A%20We%20are%20delivering%202%20custom-branded%20standees%20with%20your%20logo%20for%20just%20%E2%82%B9299%20%28Regular%20%E2%82%B92%2C999%29%20for%20our%20first%20100%20partner%20venues%21%0A%0AWould%20you%20like%20us%20to%20drop%20off%20a%20sample%20set%20at%20your%20counter%20this%20week%3F,Pending (Target: 100 Sprints),,
93,Manyavar & Mohey,Retail,"Alkapuri, Vadodara",+919825123530,Wedding menswear and bridal wear flagship store,https://reputetap.github.io/?id=manyavar-and-mohey,https://wa.me/919825123530?text=Hi%20Manyavar%20%26%20Mohey%20Team%21%20%F0%9F%91%8B%20Quick%2010-second%20message%20from%20Vadodara%3A%0A%0AWe%20are%20manufacturing%20custom%20laser-cut%20acrylic%20NFC%20counter%20standees%20for%20local%20businesses%20in%20Vadodara%20to%20solve%20checkout%20review%20friction.%0A%0ARight%20now%2C%2090%25%2B%20of%20happy%20visitors%20at%20Manyavar%20%26%20Mohey%20walk%20out%20without%20reviewing%20on%20Google%20because%20searching%20and%20typing%20takes%20too%20long.%20With%20this%20standee%20on%20your%20billing%20counter%3A%0A1.%20Customers%20tap%20their%20phone%20%28or%20scan%20QR%29%20and%20our%201-tap%20assistant%20drafts%20a%205-star%20review%20in%202%20seconds.%0A2.%20If%20someone%20had%20an%20issue%2C%20it%20routes%20feedback%20privately%20to%20your%20WhatsApp%20so%20you%20can%20fix%20it%20on%20the%20spot%20before%20a%201-star%20review%20goes%20public.%0A%0AI%20pre-programmed%20a%2010-second%20interactive%20digital%20simulation%20of%20your%20custom%20standee%20here%20so%20you%20can%20test%20it%20on%20your%20phone%3A%0A%F0%9F%91%89%20https%3A%2F%2Freputetap.github.io%2F%3Fid%3Dmanyavar-and-mohey%0A%0A%F0%9F%94%A5%20VADODARA%20LAUNCH%20PROMO%3A%20We%20are%20delivering%202%20custom-branded%20standees%20with%20your%20logo%20for%20just%20%E2%82%B9299%20%28Regular%20%E2%82%B92%2C999%29%20for%20our%20first%20100%20partner%20venues%21%0A%0AWould%20you%20like%20us%20to%20drop%20off%20a%20sample%20set%20at%20your%20counter%20this%20week%3F,Pending (Target: 100 Sprints),,
94,Fabindia Alkapuri,Retail,"Alkapuri, Vadodara",+919825123531,Artisanal organic lifestyle and apparel counter,https://reputetap.github.io/?id=fabindia-alkapuri,https://wa.me/919825123531?text=Hi%20Fabindia%20Alkapuri%20Team%21%20%F0%9F%91%8B%20Quick%2010-second%20message%20from%20Vadodara%3A%0A%0AWe%20are%20manufacturing%20custom%20laser-cut%20acrylic%20NFC%20counter%20standees%20for%20local%20businesses%20in%20Vadodara%20to%20solve%20checkout%20review%20friction.%0A%0ARight%20now%2C%2090%25%2B%20of%20happy%20visitors%20at%20Fabindia%20Alkapuri%20walk%20out%20without%20reviewing%20on%20Google%20because%20searching%20and%20typing%20takes%20too%20long.%20With%20this%20standee%20on%20your%20billing%20counter%3A%0A1.%20Customers%20tap%20their%20phone%20%28or%20scan%20QR%29%20and%20our%201-tap%20assistant%20drafts%20a%205-star%20review%20in%202%20seconds.%0A2.%20If%20someone%20had%20an%20issue%2C%20it%20routes%20feedback%20privately%20to%20your%20WhatsApp%20so%20you%20can%20fix%20it%20on%20the%20spot%20before%20a%201-star%20review%20goes%20public.%0A%0AI%20pre-programmed%20a%2010-second%20interactive%20digital%20simulation%20of%20your%20custom%20standee%20here%20so%20you%20can%20test%20it%20on%20your%20phone%3A%0A%F0%9F%91%89%20https%3A%2F%2Freputetap.github.io%2F%3Fid%3Dfabindia-alkapuri%0A%0A%F0%9F%94%A5%20VADODARA%20LAUNCH%20PROMO%3A%20We%20are%20delivering%202%20custom-branded%20standees%20with%20your%20logo%20for%20just%20%E2%82%B9299%20%28Regular%20%E2%82%B92%2C999%29%20for%20our%20first%20100%20partner%20venues%21%0A%0AWould%20you%20like%20us%20to%20drop%20off%20a%20sample%20set%20at%20your%20counter%20this%20week%3F,Pending (Target: 100 Sprints),,
95,JadeBlue Bespoke Tailoring,Retail,"Alkapuri, Vadodara",+919825123532,Men's luxury bespoke tailoring studio,https://reputetap.github.io/?id=jadeblue-bespoke-tailoring,https://wa.me/919825123532?text=Hi%20JadeBlue%20Bespoke%20Tailoring%20Team%21%20%F0%9F%91%8B%20Quick%2010-second%20message%20from%20Vadodara%3A%0A%0AWe%20are%20manufacturing%20custom%20laser-cut%20acrylic%20NFC%20counter%20standees%20for%20local%20businesses%20in%20Vadodara%20to%20solve%20checkout%20review%20friction.%0A%0ARight%20now%2C%2090%25%2B%20of%20happy%20visitors%20at%20JadeBlue%20Bespoke%20Tailoring%20walk%20out%20without%20reviewing%20on%20Google%20because%20searching%20and%20typing%20takes%20too%20long.%20With%20this%20standee%20on%20your%20billing%20counter%3A%0A1.%20Customers%20tap%20their%20phone%20%28or%20scan%20QR%29%20and%20our%201-tap%20assistant%20drafts%20a%205-star%20review%20in%202%20seconds.%0A2.%20If%20someone%20had%20an%20issue%2C%20it%20routes%20feedback%20privately%20to%20your%20WhatsApp%20so%20you%20can%20fix%20it%20on%20the%20spot%20before%20a%201-star%20review%20goes%20public.%0A%0AI%20pre-programmed%20a%2010-second%20interactive%20digital%20simulation%20of%20your%20custom%20standee%20here%20so%20you%20can%20test%20it%20on%20your%20phone%3A%0A%F0%9F%91%89%20https%3A%2F%2Freputetap.github.io%2F%3Fid%3Djadeblue-bespoke-tailoring%0A%0A%F0%9F%94%A5%20VADODARA%20LAUNCH%20PROMO%3A%20We%20are%20delivering%202%20custom-branded%20standees%20with%20your%20logo%20for%20just%20%E2%82%B9299%20%28Regular%20%E2%82%B92%2C999%29%20for%20our%20first%20100%20partner%20venues%21%0A%0AWould%20you%20like%20us%20to%20drop%20off%20a%20sample%20set%20at%20your%20counter%20this%20week%3F,Pending (Target: 100 Sprints),,
96,Virasat Heritage Silks,Retail,"Sayajigunj, Vadodara",+919825123533,Traditional Gujarati heritage textiles showroom,https://reputetap.github.io/?id=virasat-heritage-silks,https://wa.me/919825123533?text=Hi%20Virasat%20Heritage%20Silks%20Team%21%20%F0%9F%91%8B%20Quick%2010-second%20message%20from%20Vadodara%3A%0A%0AWe%20are%20manufacturing%20custom%20laser-cut%20acrylic%20NFC%20counter%20standees%20for%20local%20businesses%20in%20Vadodara%20to%20solve%20checkout%20review%20friction.%0A%0ARight%20now%2C%2090%25%2B%20of%20happy%20visitors%20at%20Virasat%20Heritage%20Silks%20walk%20out%20without%20reviewing%20on%20Google%20because%20searching%20and%20typing%20takes%20too%20long.%20With%20this%20standee%20on%20your%20billing%20counter%3A%0A1.%20Customers%20tap%20their%20phone%20%28or%20scan%20QR%29%20and%20our%201-tap%20assistant%20drafts%20a%205-star%20review%20in%202%20seconds.%0A2.%20If%20someone%20had%20an%20issue%2C%20it%20routes%20feedback%20privately%20to%20your%20WhatsApp%20so%20you%20can%20fix%20it%20on%20the%20spot%20before%20a%201-star%20review%20goes%20public.%0A%0AI%20pre-programmed%20a%2010-second%20interactive%20digital%20simulation%20of%20your%20custom%20standee%20here%20so%20you%20can%20test%20it%20on%20your%20phone%3A%0A%F0%9F%91%89%20https%3A%2F%2Freputetap.github.io%2F%3Fid%3Dvirasat-heritage-silks%0A%0A%F0%9F%94%A5%20VADODARA%20LAUNCH%20PROMO%3A%20We%20are%20delivering%202%20custom-branded%20standees%20with%20your%20logo%20for%20just%20%E2%82%B9299%20%28Regular%20%E2%82%B92%2C999%29%20for%20our%20first%20100%20partner%20venues%21%0A%0AWould%20you%20like%20us%20to%20drop%20off%20a%20sample%20set%20at%20your%20counter%20this%20week%3F,Pending (Target: 100 Sprints),,
97,Label Anushree,Retail,"Gotri, Vadodara",+919825123534,Contemporary fusion wear designer studio,https://reputetap.github.io/?id=label-anushree,https://wa.me/919825123534?text=Hi%20Label%20Anushree%20Team%21%20%F0%9F%91%8B%20Quick%2010-second%20message%20from%20Vadodara%3A%0A%0AWe%20are%20manufacturing%20custom%20laser-cut%20acrylic%20NFC%20counter%20standees%20for%20local%20businesses%20in%20Vadodara%20to%20solve%20checkout%20review%20friction.%0A%0ARight%20now%2C%2090%25%2B%20of%20happy%20visitors%20at%20Label%20Anushree%20walk%20out%20without%20reviewing%20on%20Google%20because%20searching%20and%20typing%20takes%20too%20long.%20With%20this%20standee%20on%20your%20billing%20counter%3A%0A1.%20Customers%20tap%20their%20phone%20%28or%20scan%20QR%29%20and%20our%201-tap%20assistant%20drafts%20a%205-star%20review%20in%202%20seconds.%0A2.%20If%20someone%20had%20an%20issue%2C%20it%20routes%20feedback%20privately%20to%20your%20WhatsApp%20so%20you%20can%20fix%20it%20on%20the%20spot%20before%20a%201-star%20review%20goes%20public.%0A%0AI%20pre-programmed%20a%2010-second%20interactive%20digital%20simulation%20of%20your%20custom%20standee%20here%20so%20you%20can%20test%20it%20on%20your%20phone%3A%0A%F0%9F%91%89%20https%3A%2F%2Freputetap.github.io%2F%3Fid%3Dlabel-anushree%0A%0A%F0%9F%94%A5%20VADODARA%20LAUNCH%20PROMO%3A%20We%20are%20delivering%202%20custom-branded%20standees%20with%20your%20logo%20for%20just%20%E2%82%B9299%20%28Regular%20%E2%82%B92%2C999%29%20for%20our%20first%20100%20partner%20venues%21%0A%0AWould%20you%20like%20us%20to%20drop%20off%20a%20sample%20set%20at%20your%20counter%20this%20week%3F,Pending (Target: 100 Sprints),,
98,Kalki Fashion Experience,Retail,"Akota, Vadodara",+919825123535,Designer wedding couture flagship,https://reputetap.github.io/?id=kalki-fashion-experience,https://wa.me/919825123535?text=Hi%20Kalki%20Fashion%20Experience%20Team%21%20%F0%9F%91%8B%20Quick%2010-second%20message%20from%20Vadodara%3A%0A%0AWe%20are%20manufacturing%20custom%20laser-cut%20acrylic%20NFC%20counter%20standees%20for%20local%20businesses%20in%20Vadodara%20to%20solve%20checkout%20review%20friction.%0A%0ARight%20now%2C%2090%25%2B%20of%20happy%20visitors%20at%20Kalki%20Fashion%20Experience%20walk%20out%20without%20reviewing%20on%20Google%20because%20searching%20and%20typing%20takes%20too%20long.%20With%20this%20standee%20on%20your%20billing%20counter%3A%0A1.%20Customers%20tap%20their%20phone%20%28or%20scan%20QR%29%20and%20our%201-tap%20assistant%20drafts%20a%205-star%20review%20in%202%20seconds.%0A2.%20If%20someone%20had%20an%20issue%2C%20it%20routes%20feedback%20privately%20to%20your%20WhatsApp%20so%20you%20can%20fix%20it%20on%20the%20spot%20before%20a%201-star%20review%20goes%20public.%0A%0AI%20pre-programmed%20a%2010-second%20interactive%20digital%20simulation%20of%20your%20custom%20standee%20here%20so%20you%20can%20test%20it%20on%20your%20phone%3A%0A%F0%9F%91%89%20https%3A%2F%2Freputetap.github.io%2F%3Fid%3Dkalki-fashion-experience%0A%0A%F0%9F%94%A5%20VADODARA%20LAUNCH%20PROMO%3A%20We%20are%20delivering%202%20custom-branded%20standees%20with%20your%20logo%20for%20just%20%E2%82%B9299%20%28Regular%20%E2%82%B92%2C999%29%20for%20our%20first%20100%20partner%20venues%21%0A%0AWould%20you%20like%20us%20to%20drop%20off%20a%20sample%20set%20at%20your%20counter%20this%20week%3F,Pending (Target: 100 Sprints),,
99,Raw Mango Studio,Retail,"Bodakdev, Ahmedabad",+919825123536,Ultra-luxury handwoven textile studio,https://reputetap.github.io/?id=raw-mango-studio,https://wa.me/919825123536?text=Hi%20Raw%20Mango%20Studio%20Team%21%20%F0%9F%91%8B%20Quick%2010-second%20message%20from%20Vadodara%3A%0A%0AWe%20are%20manufacturing%20custom%20laser-cut%20acrylic%20NFC%20counter%20standees%20for%20local%20businesses%20in%20Vadodara%20to%20solve%20checkout%20review%20friction.%0A%0ARight%20now%2C%2090%25%2B%20of%20happy%20visitors%20at%20Raw%20Mango%20Studio%20walk%20out%20without%20reviewing%20on%20Google%20because%20searching%20and%20typing%20takes%20too%20long.%20With%20this%20standee%20on%20your%20billing%20counter%3A%0A1.%20Customers%20tap%20their%20phone%20%28or%20scan%20QR%29%20and%20our%201-tap%20assistant%20drafts%20a%205-star%20review%20in%202%20seconds.%0A2.%20If%20someone%20had%20an%20issue%2C%20it%20routes%20feedback%20privately%20to%20your%20WhatsApp%20so%20you%20can%20fix%20it%20on%20the%20spot%20before%20a%201-star%20review%20goes%20public.%0A%0AI%20pre-programmed%20a%2010-second%20interactive%20digital%20simulation%20of%20your%20custom%20standee%20here%20so%20you%20can%20test%20it%20on%20your%20phone%3A%0A%F0%9F%91%89%20https%3A%2F%2Freputetap.github.io%2F%3Fid%3Draw-mango-studio%0A%0A%F0%9F%94%A5%20VADODARA%20LAUNCH%20PROMO%3A%20We%20are%20delivering%202%20custom-branded%20standees%20with%20your%20logo%20for%20just%20%E2%82%B9299%20%28Regular%20%E2%82%B92%2C999%29%20for%20our%20first%20100%20partner%20venues%21%0A%0AWould%20you%20like%20us%20to%20drop%20off%20a%20sample%20set%20at%20your%20counter%20this%20week%3F,Pending (Target: 100 Sprints),,
100,Ritu Kumar Flagship,Retail,"Alkapuri, Vadodara",+919825123537,Pioneering Indian couture house,https://reputetap.github.io/?id=ritu-kumar-flagship,https://wa.me/919825123537?text=Hi%20Ritu%20Kumar%20Flagship%20Team%21%20%F0%9F%91%8B%20Quick%2010-second%20message%20from%20Vadodara%3A%0A%0AWe%20are%20manufacturing%20custom%20laser-cut%20acrylic%20NFC%20counter%20standees%20for%20local%20businesses%20in%20Vadodara%20to%20solve%20checkout%20review%20friction.%0A%0ARight%20now%2C%2090%25%2B%20of%20happy%20visitors%20at%20Ritu%20Kumar%20Flagship%20walk%20out%20without%20reviewing%20on%20Google%20because%20searching%20and%20typing%20takes%20too%20long.%20With%20this%20standee%20on%20your%20billing%20counter%3A%0A1.%20Customers%20tap%20their%20phone%20%28or%20scan%20QR%29%20and%20our%201-tap%20assistant%20drafts%20a%205-star%20review%20in%202%20seconds.%0A2.%20If%20someone%20had%20an%20issue%2C%20it%20routes%20feedback%20privately%20to%20your%20WhatsApp%20so%20you%20can%20fix%20it%20on%20the%20spot%20before%20a%201-star%20review%20goes%20public.%0A%0AI%20pre-programmed%20a%2010-second%20interactive%20digital%20simulation%20of%20your%20custom%20standee%20here%20so%20you%20can%20test%20it%20on%20your%20phone%3A%0A%F0%9F%91%89%20https%3A%2F%2Freputetap.github.io%2F%3Fid%3Dritu-kumar-flagship%0A%0A%F0%9F%94%A5%20VADODARA%20LAUNCH%20PROMO%3A%20We%20are%20delivering%202%20custom-branded%20standees%20with%20your%20logo%20for%20just%20%E2%82%B9299%20%28Regular%20%E2%82%B92%2C999%29%20for%20our%20first%20100%20partner%20venues%21%0A%0AWould%20you%20like%20us%20to%20drop%20off%20a%20sample%20set%20at%20your%20counter%20this%20week%3F,Pending (Target: 100 Sprints),,
